Workbook

Sheet Data original
A1: Fecha,ID_Campaña,Canal,País,Dispositivo,Impresiones,Clics,Conversiones,Gasto_EUR,Ingresos_EUR,Nuevos_Clientes,Tipo_Campaña,Responsable
A2: 2025-07-30,CMP-002,Email,México,Desktop,129041,9255,1081,4728.14,195401.22,926,Adquisición,Carlos Ruiz
A3: 2025-05-02,CMP-009,Paid Search,Italia,Desktop,50677,4047,409,6481.73,65100.85,249,Retención,Luis Martín
A4: 2025-01-05,CMP-009,Email,Francia,Desktop,12070,959,57,1465.19,7772.79,31,Retención,Laura Pérez
A5: 2025-06-07,CMP-002,Affiliate,España,Mobile,114121,890,114,1196.8,24221.44,52,Adquisición,Luis Martín
A6: 2025-09-16,CMP-026,Paid Search,Portugal,Desktop,123994,5563,308,1315.48,47341.08,254,Adquisición,Luis Martín
A7: 2025-10-04,CMP-022,Paid Social,Portugal,Tablet,170534,7543,96,10662.79,15691.35,51,Adquisición,Carlos Ruiz
A8: 2025-06-20,CMP-015,Email,Francia,Tablet,84579,3855,121,7967.14,12733.03,58,Reconocimiento,Marta López
A9: 2025-10-11,CMP-004,Affiliate,Portugal,Mobile,125454,7459,507,14866.14,74384.02,356,Conversión,Laura Pérez
A10: 2025-09-08,CMP-017,Paid Search,Portugal,Desktop,147026,2076,174,574.55,13381.79,125,Conversión,Luis Martín
A11: 2025-11-13,CMP-002,Display,Francia,Mobile,8375,469,33,672.99,5104.23,18,Conversión,Marta López
A12: 2025-06-30,CMP-025,Organic Social,España,Desktop,169640,13188,1573,3188.1,158029.53,1309,Retención,Luis Martín
... A2536: 2025-05-16,CMP-012,Email,Portugal,Mobile,3038,193,24,303.76,4454.33,18,Adquisición,Luis Martín

Sheet Auditoría 
A1: Fecha | B1: ID_Campaña | C1: Canal | D1: País | E1: Dispositivo | F1: Impresiones | G1: Clics | H1: Conversiones | I1: Gasto_EUR | J1: Ingresos_EUR | K1: Nuevos_Clientes | L1: Tipo_Campaña | M1: Responsable | N1: AUX_ID | O1: AUX_Canal | P1: AUX_País | Q1: AUX_Dispositivo | R1: AUX_tipo | S1: AUX_Responsable
A2: 45868 | B2: CMP-002 | C2: Email | D2: México | E2: Desktop | F2: 129041 | G2: 9255 | H2: 1081 | I2: 4728.14 | J2: 195401.22 | K2: 926 | L2: Adquisición | M2: Carlos Ruiz | N2: =TRIM(PROPER(Tabla_auditoría[[#This Row],[ID_Campaña]])) -> Cmp-002 | O2: =TRIM(PROPER(Tabla_auditoría[[#This Row],[Canal]])) -> Email | P2: =TRIM(PROPER(Tabla_auditoría[[#This Row],[País]])) -> México | Q2: =TRIM(PROPER(Tabla_auditoría[[#This Row],[Dispositivo]])) -> Desktop | R2: =TRIM(PROPER(Tabla_auditoría[[#This Row],[Tipo_Campaña]])) -> Adquisición | S2: =TRIM(PROPER(Tabla_auditoría[[#This Row],[Responsable]])) -> Carlos Ruiz
A3: 45779 | B3: CMP-009 | C3: Paid Search | D3: Italia | E3: Desktop | F3: 50677 | G3: 4047 | H3: 409 | I3: 6481.73 | J3: 65100.85 | K3: 249 | L3: Retención | M3: Luis Martín | N3: =TRIM(PROPER(Tabla_auditoría[[#This Row],[ID_Campaña]])) -> Cmp-009 | O3: =TRIM(PROPER(Tabla_auditoría[[#This Row],[Canal]])) -> Paid Search | P3: =TRIM(PROPER(Tabla_auditoría[[#This Row],[País]])) -> Italia | Q3: =TRIM(PROPER(Tabla_auditoría[[#This Row],[Dispositivo]])) -> Desktop | R3: =TRIM(PROPER(Tabla_auditoría[[#This Row],[Tipo_Campaña]])) -> Retención | S3: =TRIM(PROPER(Tabla_auditoría[[#This Row],[Responsable]])) -> Luis Martín
A4: 45662 | B4: CMP-009 | C4: Email | D4: Francia | E4: Desktop | F4: 12070 | G4: 959 | H4: 57 | I4: 1465.19 | J4: 7772.79 | K4: 31 | L4: Retención | M4: Laura Pérez | N4: =TRIM(PROPER(Tabla_auditoría[[#This Row],[ID_Campaña]])) -> Cmp-009 | O4: =TRIM(PROPER(Tabla_auditoría[[#This Row],[Canal]])) -> Email | P4: =TRIM(PROPER(Tabla_auditoría[[#This Row],[País]])) -> Francia | Q4: =TRIM(PROPER(Tabla_auditoría[[#This Row],[Dispositivo]])) -> Desktop | R4: =TRIM(PROPER(Tabla_auditoría[[#This Row],[Tipo_Campaña]])) -> Retención | S4: =TRIM(PROPER(Tabla_auditoría[[#This Row],[Responsable]])) -> Laura Pérez | U4: Número de registros | V4: =COUNTA(Tabla_auditoría[Fecha]) -> 2535
A5: 45815 | B5: CMP-002 | C5: Affiliate | D5: España | E5: Mobile | F5: 114121 | G5: 890 | H5: 114 | I5: 1196.8 | J5: 24221.44 | K5: 52 | L5: Adquisición | M5: Luis Martín | N5: =TRIM(PROPER(Tabla_auditoría[[#This Row],[ID_Campaña]])) -> Cmp-002 | O5: =TRIM(PROPER(Tabla_auditoría[[#This Row],[Canal]])) -> Affiliate | P5: =TRIM(PROPER(Tabla_auditoría[[#This Row],[País]])) -> España | Q5: =TRIM(PROPER(Tabla_auditoría[[#This Row],[Dispositivo]])) -> Mobile | R5: =TRIM(PROPER(Tabla_auditoría[[#This Row],[Tipo_Campaña]])) -> Adquisición | S5: =TRIM(PROPER(Tabla_auditoría[[#This Row],[Responsable]])) -> Luis Martín
A6: 45916 | B6: CMP-026 | C6: Paid Search | D6: Portugal | E6: Desktop | F6: 123994 | G6: 5563 | H6: 308 | I6: 1315.48 | J6: 47341.08 | K6: 254 | L6: Adquisición | M6: Luis Martín | N6: =TRIM(PROPER(Tabla_auditoría[[#This Row],[ID_Campaña]])) -> Cmp-026 | O6: =TRIM(PROPER(Tabla_auditoría[[#This Row],[Canal]])) -> Paid Search | P6: =TRIM(PROPER(Tabla_auditoría[[#This Row],[País]])) -> Portugal | Q6: =TRIM(PROPER(Tabla_auditoría[[#This Row],[Dispositivo]])) -> Desktop | R6: =TRIM(PROPER(Tabla_auditoría[[#This Row],[Tipo_Campaña]])) -> Adquisición | S6: =TRIM(PROPER(Tabla_auditoría[[#This Row],[Responsable]])) -> Luis Martín | U6: Tabla blancos
A7: 45934 | B7: CMP-022 | C7: Paid Social | D7: Portugal | E7: Tablet | F7: 170534 | G7: 7543 | H7: 96 | I7: 10662.79 | J7: 15691.35 | K7: 51 | L7: Adquisición | M7: Carlos Ruiz | N7: =TRIM(PROPER(Tabla_auditoría[[#This Row],[ID_Campaña]])) -> Cmp-022 | O7: =TRIM(PROPER(Tabla_auditoría[[#This Row],[Canal]])) -> Paid Social | P7: =TRIM(PROPER(Tabla_auditoría[[#This Row],[País]])) -> Portugal | Q7: =TRIM(PROPER(Tabla_auditoría[[#This Row],[Dispositivo]])) -> Tablet | R7: =TRIM(PROPER(Tabla_auditoría[[#This Row],[Tipo_Campaña]])) -> Adquisición | S7: =TRIM(PROPER(Tabla_auditoría[[#This Row],[Responsable]])) -> Carlos Ruiz | U7: Canal | V7: =COUNTBLANK(Tabla_auditoría[Canal]) -> 20
A8: 45828 | B8: CMP-015 | C8: Email | D8: Francia | E8: Tablet | F8: 84579 | G8: 3855 | H8: 121 | I8: 7967.14 | J8: 12733.03 | K8: 58 | L8: Reconocimiento | M8: Marta López | N8: =TRIM(PROPER(Tabla_auditoría[[#This Row],[ID_Campaña]])) -> Cmp-015 | O8: =TRIM(PROPER(Tabla_auditoría[[#This Row],[Canal]])) -> Email | P8: =TRIM(PROPER(Tabla_auditoría[[#This Row],[País]])) -> Francia | Q8: =TRIM(PROPER(Tabla_auditoría[[#This Row],[Dispositivo]])) -> Tablet | R8: =TRIM(PROPER(Tabla_auditoría[[#This Row],[Tipo_Campaña]])) -> Reconocimiento | S8: =TRIM(PROPER(Tabla_auditoría[[#This Row],[Responsable]])) -> Marta López | U8: País | V8: =COUNTBLANK(Tabla_auditoría[País]) -> 16
A9: 45941 | B9: CMP-004 | C9: Affiliate | D9: Portugal | E9: Mobile | F9: 125454 | G9: 7459 | H9: 507 | I9: 14866.14 | J9: 74384.02 | K9: 356 | L9: Conversión | M9: Laura Pérez | N9: =TRIM(PROPER(Tabla_auditoría[[#This Row],[ID_Campaña]])) -> Cmp-004 | O9: =TRIM(PROPER(Tabla_auditoría[[#This Row],[Canal]])) -> Affiliate | P9: =TRIM(PROPER(Tabla_auditoría[[#This Row],[País]])) -> Portugal | Q9: =TRIM(PROPER(Tabla_auditoría[[#This Row],[Dispositivo]])) -> Mobile | R9: =TRIM(PROPER(Tabla_auditoría[[#This Row],[Tipo_Campaña]])) -> Conversión | S9: =TRIM(PROPER(Tabla_auditoría[[#This Row],[Responsable]])) -> Laura Pérez | U9: Gasto | V9: =COUNTBLANK(Tabla_auditoría[Gasto_EUR]) -> 8
A10: 45908 | B10: CMP-017 | C10: Paid Search | D10: Portugal | E10: Desktop | F10: 147026 | G10: 2076 | H10: 174 | I10: 574.55 | J10: 13381.79 | K10: 125 | L10: Conversión | M10: Luis Martín | N10: =TRIM(PROPER(Tabla_auditoría[[#This Row],[ID_Campaña]])) -> Cmp-017 | O10: =TRIM(PROPER(Tabla_auditoría[[#This Row],[Canal]])) -> Paid Search | P10: =TRIM(PROPER(Tabla_auditoría[[#This Row],[País]])) -> Portugal | Q10: =TRIM(PROPER(Tabla_auditoría[[#This Row],[Dispositivo]])) -> Desktop | R10: =TRIM(PROPER(Tabla_auditoría[[#This Row],[Tipo_Campaña]])) -> Conversión | S10: =TRIM(PROPER(Tabla_auditoría[[#This Row],[Responsable]])) -> Luis Martín | U10: Responsable | V10: =COUNTBLANK(Tabla_auditoría[Responsable]) -> 18
A11: 45974 | B11: CMP-002 | C11: Display | D11: Francia | E11: Mobile | F11: 8375 | G11: 469 | H11: 33 | I11: 672.99 | J11: 5104.23 | K11: 18 | L11: Conversión | M11: Marta López | N11: =TRIM(PROPER(Tabla_auditoría[[#This Row],[ID_Campaña]])) -> Cmp-002 | O11: =TRIM(PROPER(Tabla_auditoría[[#This Row],[Canal]])) -> Display | P11: =TRIM(PROPER(Tabla_auditoría[[#This Row],[País]])) -> Francia | Q11: =TRIM(PROPER(Tabla_auditoría[[#This Row],[Dispositivo]])) -> Mobile | R11: =TRIM(PROPER(Tabla_auditoría[[#This Row],[Tipo_Campaña]])) -> Conversión | S11: =TRIM(PROPER(Tabla_auditoría[[#This Row],[Responsable]])) -> Marta López | U11: Total | V11: =SUM(V7:V10) -> 62
A12: 45838 | B12: CMP-025 | C12: Organic Social | D12: España | E12: Desktop | F12: 169640 | G12: 13188 | H12: 1573 | I12: 3188.1 | J12: 158029.53 | K12: 1309 | L12: Retención | M12: Luis Martín | N12: =TRIM(PROPER(Tabla_auditoría[[#This Row],[ID_Campaña]])) -> Cmp-025 | O12: =TRIM(PROPER(Tabla_auditoría[[#This Row],[Canal]])) -> Organic Social | P12: =TRIM(PROPER(Tabla_auditoría[[#This Row],[País]])) -> España | Q12: =TRIM(PROPER(Tabla_auditoría[[#This Row],[Dispositivo]])) -> Desktop | R12: =TRIM(PROPER(Tabla_auditoría[[#This Row],[Tipo_Campaña]])) -> Retención | S12: =TRIM(PROPER(Tabla_auditoría[[#This Row],[Responsable]])) -> Luis Martín
A13: 45697 | B13: CMP-006 | C13: Email | D13: España | E13: Desktop | F13: 1815 | G13: 46 | H13: 1 | I13: 54.04 | J13: 192.07 | K13: 0 | L13: Conversión | M13: Marta López | N13: =TRIM(PROPER(Tabla_auditoría[[#This Row],[ID_Campaña]])) -> Cmp-006 | O13: =TRIM(PROPER(Tabla_auditoría[[#This Row],[Canal]])) -> Email | P13: =TRIM(PROPER(Tabla_auditoría[[#This Row],[País]])) -> España | Q13: =TRIM(PROPER(Tabla_auditoría[[#This Row],[Dispositivo]])) -> Desktop | R13: =TRIM(PROPER(Tabla_auditoría[[#This Row],[Tipo_Campaña]])) -> Conversión | S13: =TRIM(PROPER(Tabla_auditoría[[#This Row],[Responsable]])) -> Marta López
A14: 45992 | B14: CMP-011 | C14: Paid Social | D14: España | E14: Mobile | F14: 58400 | G14: 2796 | H14: 80 | I14: 361.39 | J14: 8867.74 | K14: 71 | L14: Reconocimiento | M14: Ana García | N14: =TRIM(PROPER(Tabla_auditoría[[#This Row],[ID_Campaña]])) -> Cmp-011 | O14: =TRIM(PROPER(Tabla_auditoría[[#This Row],[Canal]])) -> Paid Social | P14: =TRIM(PROPER(Tabla_auditoría[[#This Row],[País]])) -> España | Q14: =TRIM(PROPER(Tabla_auditoría[[#This Row],[Dispositivo]])) -> Mobile | R14: =TRIM(PROPER(Tabla_auditoría[[#This Row],[Tipo_Campaña]])) -> Reconocimiento | S14: =TRIM(PROPER(Tabla_auditoría[[#This Row],[Responsable]])) -> Ana García
A15: 45688 | B15: CMP-018 | C15: display | D15: México | E15: Desktop | F15: 95164 | G15: 467 | H15: 54 | I15: 899.8 | J15: 8314.82 | K15: 33 | L15: Retención | M15: Carlos Ruiz | N15: =TRIM(PROPER(Tabla_auditoría[[#This Row],[ID_Campaña]])) -> Cmp-018 | O15: =TRIM(PROPER(Tabla_auditoría[[#This Row],[Canal]])) -> Display | P15: =TRIM(PROPER(Tabla_auditoría[[#This Row],[País]])) -> México | Q15: =TRIM(PROPER(Tabla_auditoría[[#This Row],[Dispositivo]])) -> Desktop | R15: =TRIM(PROPER(Tabla_auditoría[[#This Row],[Tipo_Campaña]])) -> Retención | S15: =TRIM(PROPER(Tabla_auditoría[[#This Row],[Responsable]])) -> Carlos Ruiz
A16: 45938 | B16: CMP-004 | C16: Email | D16: España | E16: Desktop | F16: 163224 | G16: 892 | H16: 116 | I16: 645.97 | J16: 13245.61 | K16: 70 | L16: Reconocimiento | M16: Ana García | N16: =TRIM(PROPER(Tabla_auditoría[[#This Row],[ID_Campaña]])) -> Cmp-004 | O16: =TRIM(PROPER(Tabla_auditoría[[#This Row],[Canal]])) -> Email | P16: =TRIM(PROPER(Tabla_auditoría[[#This Row],[País]])) -> España | Q16: =TRIM(PROPER(Tabla_auditoría[[#This Row],[Dispositivo]])) -> Desktop | R16: =TRIM(PROPER(Tabla_auditoría[[#This Row],[Tipo_Campaña]])) -> Reconocimiento | S16: =TRIM(PROPER(Tabla_auditoría[[#This Row],[Responsable]])) -> Ana García
A17: 45780 | B17: CMP-007 | C17: Affiliate | D17: Francia | E17: Tablet | F17: 44509 | G17: 1756 | H17: 45 | I17: 2433.77 | J17: 1487.74 | K17: 24 | L17: Conversión | M17: Ana García | N17: =TRIM(PROPER(Tabla_auditoría[[#This Row],[ID_Campaña]])) -> Cmp-007 | O17: =TRIM(PROPER(Tabla_auditoría[[#This Row],[Canal]])) -> Affiliate | P17: =TRIM(PROPER(Tabla_auditoría[[#This Row],[País]])) -> Francia | Q17: =TRIM(PROPER(Tabla_auditoría[[#This Row],[Dispositivo]])) -> Tablet | R17: =TRIM(PROPER(Tabla_auditoría[[#This Row],[Tipo_Campaña]])) -> Conversión | S17: =TRIM(PROPER(Tabla_auditoría[[#This Row],[Responsable]])) -> Ana García
A18: 45799 | B18: CMP-018 | C18: Email | D18: España | E18: Tablet | F18: 49699 | G18: 549 | H18: 14 | I18: 407.19 | J18: 2598.86 | K18: 12 | L18: Conversión | M18: Marta López | N18: =TRIM(PROPER(Tabla_auditoría[[#This Row],[ID_Campaña]])) -> Cmp-018 | O18: =TRIM(PROPER(Tabla_auditoría[[#This Row],[Canal]])) -> Email | P18: =TRIM(PROPER(Tabla_auditoría[[#This Row],[País]])) -> España | Q18: =TRIM(PROPER(Tabla_auditoría[[#This Row],[Dispositivo]])) -> Tablet | R18: =TRIM(PROPER(Tabla_auditoría[[#This Row],[Tipo_Campaña]])) -> Conversión | S18: =TRIM(PROPER(Tabla_auditoría[[#This Row],[Responsable]])) -> Marta López
A19: 45738 | B19: CMP-011 | C19: Affiliate | D19: España | E19: Mobile | F19: 79946 | G19: 6644 | H19: 165 | I19: 12172.18 | J19: 3700.53 | K19: 97 | L19: Retención | M19: Luis Martín | N19: =TRIM(PROPER(Tabla_auditoría[[#This Row],[ID_Campaña]])) -> Cmp-011 | O19: =TRIM(PROPER(Tabla_auditoría[[#This Row],[Canal]])) -> Affiliate | P19: =TRIM(PROPER(Tabla_auditoría[[#This Row],[País]])) -> España | Q19: =TRIM(PROPER(Tabla_auditoría[[#This Row],[Dispositivo]])) -> Mobile | R19: =TRIM(PROPER(Tabla_auditoría[[#This Row],[Tipo_Campaña]])) -> Retención | S19: =TRIM(PROPER(Tabla_auditoría[[#This Row],[Responsable]])) -> Luis Martín
A20: 45765 | B20: CMP-022 | C20: Display | D20: México | E20: Mobile | F20: 90643 | G20: 6251 | H20: 607 | I20: 1069.28 | J20: 85223.12 | K20: 473 | L20: Adquisición | M20: Ana García | N20: =TRIM(PROPER(Tabla_auditoría[[#This Row],[ID_Campaña]])) -> Cmp-022 | O20: =TRIM(PROPER(Tabla_auditoría[[#This Row],[Canal]])) -> Display | P20: =TRIM(PROPER(Tabla_auditoría[[#This Row],[País]])) -> México | Q20: =TRIM(PROPER(Tabla_auditoría[[#This Row],[Dispositivo]])) -> Mobile | R20: =TRIM(PROPER(Tabla_auditoría[[#This Row],[Tipo_Campaña]])) -> Adquisición | S20: =TRIM(PROPER(Tabla_auditoría[[#This Row],[Responsable]])) -> Ana García
A21: 45973 | B21: CMP-008 | C21: Display | D21: España | E21: Mobile | F21: 78294 | G21: 5439 | H21: 617 | I21: 1504.93 | J21: 130219.67 | K21: 538 | L21: Conversión | M21: Laura Pérez | N21: =TRIM(PROPER(Tabla_auditoría[[#This Row],[ID_Campaña]])) -> Cmp-008 | O21: =TRIM(PROPER(Tabla_auditoría[[#This Row],[Canal]])) -> Display | P21: =TRIM(PROPER(Tabla_auditoría[[#This Row],[País]])) -> España | Q21: =TRIM(PROPER(Tabla_auditoría[[#This Row],[Dispositivo]])) -> Mobile | R21: =TRIM(PROPER(Tabla_auditoría[[#This Row],[Tipo_Campaña]])) -> Conversión | S21: =TRIM(PROPER(Tabla_auditoría[[#This Row],[Responsable]])) -> Laura Pérez
A22: 46009 | B22: CMP-028 | C22: Paid Search | D22: Francia | E22: Desktop | F22: 4759 | G22: 234 | H22: 22 | I22: 333.25 | J22: 2425.61 | K22: 13 | L22: Retención | M22: Ana García | N22: =TRIM(PROPER(Tabla_auditoría[[#This Row],[ID_Campaña]])) -> Cmp-028 | O22: =TRIM(PROPER(Tabla_auditoría[[#This Row],[Canal]])) -> Paid Search | P22: =TRIM(PROPER(Tabla_auditoría[[#This Row],[País]])) -> Francia | Q22: =TRIM(PROPER(Tabla_auditoría[[#This Row],[Dispositivo]])) -> Desktop | R22: =TRIM(PROPER(Tabla_auditoría[[#This Row],[Tipo_Campaña]])) -> Retención | S22: =TRIM(PROPER(Tabla_auditoría[[#This Row],[Responsable]])) -> Ana García
A23: 45791 | B23: CMP-012 | C23: Organic Social | D23: Francia | E23: Mobile | F23: 7310 | G23: 569 | H23: 77 | I23: 65.92 | J23: 3364.24 | K23: 59 | L23: Reconocimiento | M23: Luis Martín | N23: =TRIM(PROPER(Tabla_auditoría[[#This Row],[ID_Campaña]])) -> Cmp-012 | O23: =TRIM(PROPER(Tabla_auditoría[[#This Row],[Canal]])) -> Organic Social | P23: =TRIM(PROPER(Tabla_auditoría[[#This Row],[País]])) -> Francia | Q23: =TRIM(PROPER(Tabla_auditoría[[#This Row],[Dispositivo]])) -> Mobile | R23: =TRIM(PROPER(Tabla_auditoría[[#This Row],[Tipo_Campaña]])) -> Reconocimiento | S23: =TRIM(PROPER(Tabla_auditoría[[#This Row],[Responsable]])) -> Luis Martín
... A35: 45921 | B35: CMP-010 | C35: paid social | D35: Francia | E35: Mobile | F35: 78190 | G35: 387 | H35: 31 | I35: 203.63 | J35: 6507.47 | K35: 16 | L35: Retención | M35: Marta López | N35: =TRIM(PROPER(Tabla_auditoría[[#This Row],[ID_Campaña]])) -> Cmp-010 | O35: =TRIM(PROPER(Tabla_auditoría[[#This Row],[Canal]])) -> Paid Social | P35: =TRIM(PROPER(Tabla_auditoría[[#This Row],[País]])) -> Francia | Q35: =TRIM(PROPER(Tabla_auditoría[[#This Row],[Dispositivo]])) -> Mobile | R35: =TRIM(PROPER(Tabla_auditoría[[#This Row],[Tipo_Campaña]])) -> Retención | S35: =TRIM(PROPER(Tabla_auditoría[[#This Row],[Responsable]])) -> Marta López
A36: 45755 | B36: CMP-010 | D36: México | E36: DESKTOP | F36: 63702 | G36: 5675 | H36: 708 | I36: 4115.09 | J36: 107477.07 | K36: 459 | L36: Reconocimiento | M36: Ana García | N36: =TRIM(PROPER(Tabla_auditoría[[#This Row],[ID_Campaña]])) -> Cmp-010 | O36: =TRIM(PROPER(Tabla_auditoría[[#This Row],[Canal]])) | P36: =TRIM(PROPER(Tabla_auditoría[[#This Row],[País]])) -> México | Q36: =TRIM(PROPER(Tabla_auditoría[[#This Row],[Dispositivo]])) -> Desktop | R36: =TRIM(PROPER(Tabla_auditoría[[#This Row],[Tipo_Campaña]])) -> Reconocimiento | S36: =TRIM(PROPER(Tabla_auditoría[[#This Row],[Responsable]])) -> Ana García
A37: 45781 | B37: CMP-027 | C37: Display | D37: Francia | E37: Mobile | F37: 62593 | G37: 3168 | H37: 202 | I37: 1472.4 | J37: 11607.45 | K37: 102 | L37: Adquisición | M37: Carlos Ruiz | N37: =TRIM(PROPER(Tabla_auditoría[[#This Row],[ID_Campaña]])) -> Cmp-027 | O37: =TRIM(PROPER(Tabla_auditoría[[#This Row],[Canal]])) -> Display | P37: =TRIM(PROPER(Tabla_auditoría[[#This Row],[País]])) -> Francia | Q37: =TRIM(PROPER(Tabla_auditoría[[#This Row],[Dispositivo]])) -> Mobile | R37: =TRIM(PROPER(Tabla_auditoría[[#This Row],[Tipo_Campaña]])) -> Adquisición | S37: =TRIM(PROPER(Tabla_auditoría[[#This Row],[Responsable]])) -> Carlos Ruiz
A38: 45680 | B38: CMP-002 | C38: Email | D38: México | E38: Desktop | F38: 91161 | G38: 4430 | H38: 265 | I38: 5935.04 | J38: 35663.11 | K38: 186 | L38: Conversión | M38: Carlos Ruiz | N38: =TRIM(PROPER(Tabla_auditoría[[#This Row],[ID_Campaña]])) -> Cmp-002 | O38: =TRIM(PROPER(Tabla_auditoría[[#This Row],[Canal]])) -> Email | P38: =TRIM(PROPER(Tabla_auditoría[[#This Row],[País]])) -> México | Q38: =TRIM(PROPER(Tabla_auditoría[[#This Row],[Dispositivo]])) -> Desktop | R38: =TRIM(PROPER(Tabla_auditoría[[#This Row],[Tipo_Campaña]])) -> Conversión | S38: =TRIM(PROPER(Tabla_auditoría[[#This Row],[Responsable]])) -> Carlos Ruiz
A39: 45720 | B39: CMP-012 | C39: Display | D39: España | E39: MOBILE | F39: 16564 | G39: 169 | H39: 4 | I39: 152.83 | J39: 769.28 | K39: 2 | L39: Conversión | M39: Ana García | N39: =TRIM(PROPER(Tabla_auditoría[[#This Row],[ID_Campaña]])) -> Cmp-012 | O39: =TRIM(PROPER(Tabla_auditoría[[#This Row],[Canal]])) -> Display | P39: =TRIM(PROPER(Tabla_auditoría[[#This Row],[País]])) -> España | Q39: =TRIM(PROPER(Tabla_auditoría[[#This Row],[Dispositivo]])) -> Mobile | R39: =TRIM(PROPER(Tabla_auditoría[[#This Row],[Tipo_Campaña]])) -> Conversión | S39: =TRIM(PROPER(Tabla_auditoría[[#This Row],[Responsable]])) -> Ana García
A40: 45722 | B40: CMP-019 | C40: Paid Search | D40: Francia | E40: Desktop | F40: 65604 | G40: 2826 | H40: 147 | I40: 370.78 | J40: 8547.51 | K40: 112 | L40: Retención | M40: Ana García | N40: =TRIM(PROPER(Tabla_auditoría[[#This Row],[ID_Campaña]])) -> Cmp-019 | O40: =TRIM(PROPER(Tabla_auditoría[[#This Row],[Canal]])) -> Paid Search | P40: =TRIM(PROPER(Tabla_auditoría[[#This Row],[País]])) -> Francia | Q40: =TRIM(PROPER(Tabla_auditoría[[#This Row],[Dispositivo]])) -> Desktop | R40: =TRIM(PROPER(Tabla_auditoría[[#This Row],[Tipo_Campaña]])) -> Retención | S40: =TRIM(PROPER(Tabla_auditoría[[#This Row],[Responsable]])) -> Ana García
A41: 45775 | B41: CMP-002 | C41: Affiliate | D41: Italia | E41: Mobile | F41: 84707 | G41: 512 | H41: 33 | I41: 940.78 | J41: 6912.23 | K41: 17 | L41: Retención | M41: Luis Martín | N41: =TRIM(PROPER(Tabla_auditoría[[#This Row],[ID_Campaña]])) -> Cmp-002 | O41: =TRIM(PROPER(Tabla_auditoría[[#This Row],[Canal]])) -> Affiliate | P41: =TRIM(PROPER(Tabla_auditoría[[#This Row],[País]])) -> Italia | Q41: =TRIM(PROPER(Tabla_auditoría[[#This Row],[Dispositivo]])) -> Mobile | R41: =TRIM(PROPER(Tabla_auditoría[[#This Row],[Tipo_Campaña]])) -> Retención | S41: =TRIM(PROPER(Tabla_auditoría[[#This Row],[Responsable]])) -> Luis Martín
A42: 45748 | B42: CMP-008 | C42: organic social | D42: México | E42: Desktop | F42: 125379 | G42: 2816 | H42: 211 | I42: 2108.8 | J42: 14718.61 | K42: 168 | L42: Conversión | M42: Carlos Ruiz | N42: =TRIM(PROPER(Tabla_auditoría[[#This Row],[ID_Campaña]])) -> Cmp-008 | O42: =TRIM(PROPER(Tabla_auditoría[[#This Row],[Canal]])) -> Organic Social | P42: =TRIM(PROPER(Tabla_auditoría[[#This Row],[País]])) -> México | Q42: =TRIM(PROPER(Tabla_auditoría[[#This Row],[Dispositivo]])) -> Desktop | R42: =TRIM(PROPER(Tabla_auditoría[[#This Row],[Tipo_Campaña]])) -> Conversión | S42: =TRIM(PROPER(Tabla_auditoría[[#This Row],[Responsable]])) -> Carlos Ruiz
A43: 45788 | B43: CMP-030 | C43: Affiliate | D43: Italia | E43: Mobile | F43: 75503 | G43: 3617 | H43: 24 | I43: 3324.61 | J43: 462.18 | K43: 13 | L43: Conversión | M43: Ana García | N43: =TRIM(PROPER(Tabla_auditoría[[#This Row],[ID_Campaña]])) -> Cmp-030 | O43: =TRIM(PROPER(Tabla_auditoría[[#This Row],[Canal]])) -> Affiliate | P43: =TRIM(PROPER(Tabla_auditoría[[#This Row],[País]])) -> Italia | Q43: =TRIM(PROPER(Tabla_auditoría[[#This Row],[Dispositivo]])) -> Mobile | R43: =TRIM(PROPER(Tabla_auditoría[[#This Row],[Tipo_Campaña]])) -> Conversión | S43: =TRIM(PROPER(Tabla_auditoría[[#This Row],[Responsable]])) -> Ana García
A44: 45911 | B44: CMP-014 | C44: Paid Search | D44: Francia | E44: Desktop | F44: 177363 | G44: 7732 | H44: 999 | I44: 9531.17 | J44: 71611.15 | K44: 470 | L44: Conversión | M44: Marta López | N44: =TRIM(PROPER(Tabla_auditoría[[#This Row],[ID_Campaña]])) -> Cmp-014 | O44: =TRIM(PROPER(Tabla_auditoría[[#This Row],[Canal]])) -> Paid Search | P44: =TRIM(PROPER(Tabla_auditoría[[#This Row],[País]])) -> Francia | Q44: =TRIM(PROPER(Tabla_auditoría[[#This Row],[Dispositivo]])) -> Desktop | R44: =TRIM(PROPER(Tabla_auditoría[[#This Row],[Tipo_Campaña]])) -> Conversión | S44: =TRIM(PROPER(Tabla_auditoría[[#This Row],[Responsable]])) -> Marta López
A45: 45784 | B45: CMP-026 | C45: Email | D45: España | E45: Mobile | F45: 160559 | G45: 8096 | H45: 866 | I45: 14024.15 | J45: 165614.97 | K45: 406 | L45: Retención | M45: Luis Martín | N45: =TRIM(PROPER(Tabla_auditoría[[#This Row],[ID_Campaña]])) -> Cmp-026 | O45: =TRIM(PROPER(Tabla_auditoría[[#This Row],[Canal]])) -> Email | P45: =TRIM(PROPER(Tabla_auditoría[[#This Row],[País]])) -> España | Q45: =TRIM(PROPER(Tabla_auditoría[[#This Row],[Dispositivo]])) -> Mobile | R45: =TRIM(PROPER(Tabla_auditoría[[#This Row],[Tipo_Campaña]])) -> Retención | S45: =TRIM(PROPER(Tabla_auditoría[[#This Row],[Responsable]])) -> Luis Martín
A46: 46010 | B46: CMP-011 | C46: Organic Social | D46: Italia | E46: Tablet | F46: 134062 | G46: 11816 | H46: 1010 | I46: 23456.15 | J46: 139056.15 | K46: 867 | L46: Retención | M46: Carlos Ruiz | N46: =TRIM(PROPER(Tabla_auditoría[[#This Row],[ID_Campaña]])) -> Cmp-011 | O46: =TRIM(PROPER(Tabla_auditoría[[#This Row],[Canal]])) -> Organic Social | P46: =TRIM(PROPER(Tabla_auditoría[[#This Row],[País]])) -> Italia | Q46: =TRIM(PROPER(Tabla_auditoría[[#This Row],[Dispositivo]])) -> Tablet | R46: =TRIM(PROPER(Tabla_auditoría[[#This Row],[Tipo_Campaña]])) -> Retención | S46: =TRIM(PROPER(Tabla_auditoría[[#This Row],[Responsable]])) -> Carlos Ruiz
A47: 45662 | B47: CMP-014 | C47: Paid Social | D47: Portugal | E47: Mobile | F47: 80985 | G47: 3516 | H47: 69 | I47: 1147.83 | J47: 7612.07 | K47: 57 | L47: Reconocimiento | M47: Carlos Ruiz | N47: =TRIM(PROPER(Tabla_auditoría[[#This Row],[ID_Campaña]])) -> Cmp-014 | O47: =TRIM(PROPER(Tabla_auditoría[[#This Row],[Canal]])) -> Paid Social | P47: =TRIM(PROPER(Tabla_auditoría[[#This Row],[País]])) -> Portugal | Q47: =TRIM(PROPER(Tabla_auditoría[[#This Row],[Dispositivo]])) -> Mobile | R47: =TRIM(PROPER(Tabla_auditoría[[#This Row],[Tipo_Campaña]])) -> Reconocimiento | S47: =TRIM(PROPER(Tabla_auditoría[[#This Row],[Responsable]])) -> Carlos Ruiz
A48: 45860 | B48: CMP-023 | C48: Paid Search | D48: México | E48: Tablet | F48: 172110 | G48: 4863 | H48: 151 | I48: 4544.82 | J48: 12852.56 | K48: 78 | L48: Conversión | M48: Marta López | N48: =TRIM(PROPER(Tabla_auditoría[[#This Row],[ID_Campaña]])) -> Cmp-023 | O48: =TRIM(PROPER(Tabla_auditoría[[#This Row],[Canal]])) -> Paid Search | P48: =TRIM(PROPER(Tabla_auditoría[[#This Row],[País]])) -> México | Q48: =TRIM(PROPER(Tabla_auditoría[[#This Row],[Dispositivo]])) -> Tablet | R48: =TRIM(PROPER(Tabla_auditoría[[#This Row],[Tipo_Campaña]])) -> Conversión | S48: =TRIM(PROPER(Tabla_auditoría[[#This Row],[Responsable]])) -> Marta López
... A92: 45834 | B92: CMP-020 | C92: Paid Social | D92: Italia | E92: Mobile | F92: 168186 | G92: 12846 | H92: 248 | I92: 11843.19 | J92: 16511.03 | K92: 193 | L92: Conversión | M92: Laura Pérez | N92: =TRIM(PROPER(Tabla_auditoría[[#This Row],[ID_Campaña]])) -> Cmp-020 | O92: =TRIM(PROPER(Tabla_auditoría[[#This Row],[Canal]])) -> Paid Social | P92: =TRIM(PROPER(Tabla_auditoría[[#This Row],[País]])) -> Italia | Q92: =TRIM(PROPER(Tabla_auditoría[[#This Row],[Dispositivo]])) -> Mobile | R92: =TRIM(PROPER(Tabla_auditoría[[#This Row],[Tipo_Campaña]])) -> Conversión | S92: =TRIM(PROPER(Tabla_auditoría[[#This Row],[Responsable]])) -> Laura Pérez
A93: 45719 | B93: CMP-024 | C93: Organic Social | D93: Francia | E93: Desktop | F93: 125337 | G93: 4913 | H93: 247 | J93: 19111.59 | K93: 173 | L93: Retención | M93: Ana García | N93: =TRIM(PROPER(Tabla_auditoría[[#This Row],[ID_Campaña]])) -> Cmp-024 | O93: =TRIM(PROPER(Tabla_auditoría[[#This Row],[Canal]])) -> Organic Social | P93: =TRIM(PROPER(Tabla_auditoría[[#This Row],[País]])) -> Francia | Q93: =TRIM(PROPER(Tabla_auditoría[[#This Row],[Dispositivo]])) -> Desktop | R93: =TRIM(PROPER(Tabla_auditoría[[#This Row],[Tipo_Campaña]])) -> Retención | S93: =TRIM(PROPER(Tabla_auditoría[[#This Row],[Responsable]])) -> Ana García
A94: 45770 | B94: CMP-008 | C94: Affiliate | D94: Portugal | E94: Mobile | F94: 156107 | G94: 10929 | H94: 151 | I94: 14137.01 | J94: 25165.32 | K94: 106 | L94: Retención | M94: Carlos Ruiz | N94: =TRIM(PROPER(Tabla_auditoría[[#This Row],[ID_Campaña]])) -> Cmp-008 | O94: =TRIM(PROPER(Tabla_auditoría[[#This Row],[Canal]])) -> Affiliate | P94: =TRIM(PROPER(Tabla_auditoría[[#This Row],[País]])) -> Portugal | Q94: =TRIM(PROPER(Tabla_auditoría[[#This Row],[Dispositivo]])) -> Mobile | R94: =TRIM(PROPER(Tabla_auditoría[[#This Row],[Tipo_Campaña]])) -> Retención | S94: =TRIM(PROPER(Tabla_auditoría[[#This Row],[Responsable]])) -> Carlos Ruiz
A95: 45963 | B95: CMP-026 | C95: Paid Social | D95: Francia | E95: Mobile | F95: 107920 | G95: 2646 | H95: 80 | I95: 313.34 | J95: 16240.95 | K95: 70 | L95: Reconocimiento | M95: Laura Pérez | N95: =TRIM(PROPER(Tabla_auditoría[[#This Row],[ID_Campaña]])) -> Cmp-026 | O95: =TRIM(PROPER(Tabla_auditoría[[#This Row],[Canal]])) -> Paid Social | P95: =TRIM(PROPER(Tabla_auditoría[[#This Row],[País]])) -> Francia | Q95: =TRIM(PROPER(Tabla_auditoría[[#This Row],[Dispositivo]])) -> Mobile | R95: =TRIM(PROPER(Tabla_auditoría[[#This Row],[Tipo_Campaña]])) -> Reconocimiento | S95: =TRIM(PROPER(Tabla_auditoría[[#This Row],[Responsable]])) -> Laura Pérez
A96: 45830 | B96: CMP-019 | C96: Paid Search | D96: España | E96: Tablet | F96: 149923 | G96: 13315 | H96: 1463 | I96: 10768.8 | J96: 89544.3 | K96: 1298 | L96: Conversión | M96: Luis Martín | N96: =TRIM(PROPER(Tabla_auditoría[[#This Row],[ID_Campaña]])) -> Cmp-019 | O96: =TRIM(PROPER(Tabla_auditoría[[#This Row],[Canal]])) -> Paid Search | P96: =TRIM(PROPER(Tabla_auditoría[[#This Row],[País]])) -> España | Q96: =TRIM(PROPER(Tabla_auditoría[[#This Row],[Dispositivo]])) -> Tablet | R96: =TRIM(PROPER(Tabla_auditoría[[#This Row],[Tipo_Campaña]])) -> Conversión | S96: =TRIM(PROPER(Tabla_auditoría[[#This Row],[Responsable]])) -> Luis Martín
A97: 45888 | B97: CMP-022 | C97: Paid Search | D97: Portugal | E97: Desktop | F97: 153656 | G97: 6271 | H97: 500 | I97: 12777.65 | J97: 13674.92 | K97: 260 | L97: Reconocimiento | M97: Laura Pérez | N97: =TRIM(PROPER(Tabla_auditoría[[#This Row],[ID_Campaña]])) -> Cmp-022 | O97: =TRIM(PROPER(Tabla_auditoría[[#This Row],[Canal]])) -> Paid Search | P97: =TRIM(PROPER(Tabla_auditoría[[#This Row],[País]])) -> Portugal | Q97: =TRIM(PROPER(Tabla_auditoría[[#This Row],[Dispositivo]])) -> Desktop | R97: =TRIM(PROPER(Tabla_auditoría[[#This Row],[Tipo_Campaña]])) -> Reconocimiento | S97: =TRIM(PROPER(Tabla_auditoría[[#This Row],[Responsable]])) -> Laura Pérez
A98: 45826 | B98: CMP-007 | C98: Affiliate | D98: España | E98: Desktop | F98: 50750 | G98: 742 | H98: 33 | I98: 121.99 | J98: 1482.78 | K98: 22 | L98: Conversión | M98: Ana García | N98: =TRIM(PROPER(Tabla_auditoría[[#This Row],[ID_Campaña]])) -> Cmp-007 | O98: =TRIM(PROPER(Tabla_auditoría[[#This Row],[Canal]])) -> Affiliate | P98: =TRIM(PROPER(Tabla_auditoría[[#This Row],[País]])) -> España | Q98: =TRIM(PROPER(Tabla_auditoría[[#This Row],[Dispositivo]])) -> Desktop | R98: =TRIM(PROPER(Tabla_auditoría[[#This Row],[Tipo_Campaña]])) -> Conversión | S98: =TRIM(PROPER(Tabla_auditoría[[#This Row],[Responsable]])) -> Ana García
A99: 45854 | B99: CMP-022 | C99: Paid Search | D99: Portugal | E99: Mobile | F99: 14125 | G99: 603 | H99: 7 | I99: 544.15 | J99: 785.17 | K99: 5 | L99: Adquisición | M99: Laura Pérez | N99: =TRIM(PROPER(Tabla_auditoría[[#This Row],[ID_Campaña]])) -> Cmp-022 | O99: =TRIM(PROPER(Tabla_auditoría[[#This Row],[Canal]])) -> Paid Search | P99: =TRIM(PROPER(Tabla_auditoría[[#This Row],[País]])) -> Portugal | Q99: =TRIM(PROPER(Tabla_auditoría[[#This Row],[Dispositivo]])) -> Mobile | R99: =TRIM(PROPER(Tabla_auditoría[[#This Row],[Tipo_Campaña]])) -> Adquisición | S99: =TRIM(PROPER(Tabla_auditoría[[#This Row],[Responsable]])) -> Laura Pérez
A100: 45930 | B100: CMP-018 | C100: Paid Social | D100: España | E100: Desktop | F100: 4605 | G100: 133 | H100: 16 | I100: 71.82 | J100: 2255.32 | K100: 10 | L100: Conversión | M100: Luis Martín | N100: =TRIM(PROPER(Tabla_auditoría[[#This Row],[ID_Campaña]])) -> Cmp-018 | O100: =TRIM(PROPER(Tabla_auditoría[[#This Row],[Canal]])) -> Paid Social | P100: =TRIM(PROPER(Tabla_auditoría[[#This Row],[País]])) -> España | Q100: =TRIM(PROPER(Tabla_auditoría[[#This Row],[Dispositivo]])) -> Desktop | R100: =TRIM(PROPER(Tabla_auditoría[[#This Row],[Tipo_Campaña]])) -> Conversión | S100: =TRIM(PROPER(Tabla_auditoría[[#This Row],[Responsable]])) -> Luis Martín
A101: 45922 | B101: CMP-013 | C101: Affiliate | D101: España | E101: Mobile | F101: 110457 | G101: 2756 | H101: 71 | I101: 3572.7 | J101: 10415.2 | K101: 38 | L101: Reconocimiento | M101: Marta López | N101: =TRIM(PROPER(Tabla_auditoría[[#This Row],[ID_Campaña]])) -> Cmp-013 | O101: =TRIM(PROPER(Tabla_auditoría[[#This Row],[Canal]])) -> Affiliate | P101: =TRIM(PROPER(Tabla_auditoría[[#This Row],[País]])) -> España | Q101: =TRIM(PROPER(Tabla_auditoría[[#This Row],[Dispositivo]])) -> Mobile | R101: =TRIM(PROPER(Tabla_auditoría[[#This Row],[Tipo_Campaña]])) -> Reconocimiento | S101: =TRIM(PROPER(Tabla_auditoría[[#This Row],[Responsable]])) -> Marta López
A102: 46012 | B102: CMP-009 | C102: Email | D102: Italia | E102: Desktop | F102: 9726 | G102: 296 | H102: 26 | I102: 102.51 | J102: 2620.52 | K102: 22 | L102: Reconocimiento | M102: Laura Pérez | N102: =TRIM(PROPER(Tabla_auditoría[[#This Row],[ID_Campaña]])) -> Cmp-009 | O102: =TRIM(PROPER(Tabla_auditoría[[#This Row],[Canal]])) -> Email | P102: =TRIM(PROPER(Tabla_auditoría[[#This Row],[País]])) -> Italia | Q102: =TRIM(PROPER(Tabla_auditoría[[#This Row],[Dispositivo]])) -> Desktop | R102: =TRIM(PROPER(Tabla_auditoría[[#This Row],[Tipo_Campaña]])) -> Reconocimiento | S102: =TRIM(PROPER(Tabla_auditoría[[#This Row],[Responsable]])) -> Laura Pérez
A103: 45672 | B103: CMP-027 | C103: Display | D103: España | E103: Desktop | F103: 164689 | G103: 8202 | H103: 215 | I103: 17165.28 | J103: 9987.1 | K103: 156 | L103: Conversión | M103: Luis Martín | N103: =TRIM(PROPER(Tabla_auditoría[[#This Row],[ID_Campaña]])) -> Cmp-027 | O103: =TRIM(PROPER(Tabla_auditoría[[#This Row],[Canal]])) -> Display | P103: =TRIM(PROPER(Tabla_auditoría[[#This Row],[País]])) -> España | Q103: =TRIM(PROPER(Tabla_auditoría[[#This Row],[Dispositivo]])) -> Desktop | R103: =TRIM(PROPER(Tabla_auditoría[[#This Row],[Tipo_Campaña]])) -> Conversión | S103: =TRIM(PROPER(Tabla_auditoría[[#This Row],[Responsable]])) -> Luis Martín
A104: 45969 | B104: CMP-011 | C104: Email | D104: Francia | E104: Desktop | F104: 24391 | G104: 1360 | H104: 179 | I104: 2162.02 | J104: 9403.73 | K104: 102 | L104: Conversión | M104: Carlos Ruiz | N104: =TRIM(PROPER(Tabla_auditoría[[#This Row],[ID_Campaña]])) -> Cmp-011 | O104: =TRIM(PROPER(Tabla_auditoría[[#This Row],[Canal]])) -> Email | P104: =TRIM(PROPER(Tabla_auditoría[[#This Row],[País]])) -> Francia | Q104: =TRIM(PROPER(Tabla_auditoría[[#This Row],[Dispositivo]])) -> Desktop | R104: =TRIM(PROPER(Tabla_auditoría[[#This Row],[Tipo_Campaña]])) -> Conversión | S104: =TRIM(PROPER(Tabla_auditoría[[#This Row],[Responsable]])) -> Carlos Ruiz
A105: 46008 | B105: CMP-009 | C105: Affiliate | D105: México | E105: Desktop | F105: 150402 | G105: 7857 | H105: 646 | I105: 8959.44 | J105: 13290.32 | K105: 314 | L105: Retención | M105: Luis Martín | N105: =TRIM(PROPER(Tabla_auditoría[[#This Row],[ID_Campaña]])) -> Cmp-009 | O105: =TRIM(PROPER(Tabla_auditoría[[#This Row],[Canal]])) -> Affiliate | P105: =TRIM(PROPER(Tabla_auditoría[[#This Row],[País]])) -> México | Q105: =TRIM(PROPER(Tabla_auditoría[[#This Row],[Dispositivo]])) -> Desktop | R105: =TRIM(PROPER(Tabla_auditoría[[#This Row],[Tipo_Campaña]])) -> Retención | S105: =TRIM(PROPER(Tabla_auditoría[[#This Row],[Responsable]])) -> Luis Martín
... A130: 46019 | B130: CMP-018 | C130: Paid Social | D130: México | E130: Desktop | F130: 100094 | G130: 1969 | H130: 134 | I130: 2790.29 | J130: 23430.25 | K130: 106 | L130: Adquisición | M130: Luis Martín | N130: =TRIM(PROPER(Tabla_auditoría[[#This Row],[ID_Campaña]])) -> Cmp-018 | O130: =TRIM(PROPER(Tabla_auditoría[[#This Row],[Canal]])) -> Paid Social | P130: =TRIM(PROPER(Tabla_auditoría[[#This Row],[País]])) -> México | Q130: =TRIM(PROPER(Tabla_auditoría[[#This Row],[Dispositivo]])) -> Desktop | R130: =TRIM(PROPER(Tabla_auditoría[[#This Row],[Tipo_Campaña]])) -> Adquisición | S130: =TRIM(PROPER(Tabla_auditoría[[#This Row],[Responsable]])) -> Luis Martín
A131: 45935 | B131: CMP-028 | D131: Italia | E131: Mobile | F131: 103365 | G131: 6169 | H131: 521 | I131: 12257.09 | J131: 70918.4 | K131: 364 | L131: Reconocimiento | M131: Laura Pérez | N131: =TRIM(PROPER(Tabla_auditoría[[#This Row],[ID_Campaña]])) -> Cmp-028 | O131: =TRIM(PROPER(Tabla_auditoría[[#This Row],[Canal]])) | P131: =TRIM(PROPER(Tabla_auditoría[[#This Row],[País]])) -> Italia | Q131: =TRIM(PROPER(Tabla_auditoría[[#This Row],[Dispositivo]])) -> Mobile | R131: =TRIM(PROPER(Tabla_auditoría[[#This Row],[Tipo_Campaña]])) -> Reconocimiento | S131: =TRIM(PROPER(Tabla_auditoría[[#This Row],[Responsable]])) -> Laura Pérez
A132: 45766 | B132: CMP-001 | C132: Paid Social | D132: Italia | E132: Tablet | F132: 31914 | G132: 856 | H132: 66 | I132: 892.79 | J132: 4847.64 | K132: 36 | L132: Retención | M132: Marta López | N132: =TRIM(PROPER(Tabla_auditoría[[#This Row],[ID_Campaña]])) -> Cmp-001 | O132: =TRIM(PROPER(Tabla_auditoría[[#This Row],[Canal]])) -> Paid Social | P132: =TRIM(PROPER(Tabla_auditoría[[#This Row],[País]])) -> Italia | Q132: =TRIM(PROPER(Tabla_auditoría[[#This Row],[Dispositivo]])) -> Tablet | R132: =TRIM(PROPER(Tabla_auditoría[[#This Row],[Tipo_Campaña]])) -> Retención | S132: =TRIM(PROPER(Tabla_auditoría[[#This Row],[Responsable]])) -> Marta López
A133: 45665 | B133: CMP-017 | C133: Paid Social | D133: Francia | E133: Mobile | F133: 138819 | G133: 2950 | H133: 187 | I133: 4263.57 | J133: 24624.94 | K133: 89 | L133: Conversión | M133: Luis Martín | N133: =TRIM(PROPER(Tabla_auditoría[[#This Row],[ID_Campaña]])) -> Cmp-017 | O133: =TRIM(PROPER(Tabla_auditoría[[#This Row],[Canal]])) -> Paid Social | P133: =TRIM(PROPER(Tabla_auditoría[[#This Row],[País]])) -> Francia | Q133: =TRIM(PROPER(Tabla_auditoría[[#This Row],[Dispositivo]])) -> Mobile | R133: =TRIM(PROPER(Tabla_auditoría[[#This Row],[Tipo_Campaña]])) -> Conversión | S133: =TRIM(PROPER(Tabla_auditoría[[#This Row],[Responsable]])) -> Luis Martín
A134: 45916 | B134: CMP-002 | C134: Paid Social | D134: Portugal | E134: Mobile | F134: 36595 | G134: 1891 | H134: 109 | I134: 2139.31 | J134: 19247.15 | K134: 79 | L134: Reconocimiento | M134: Ana García | N134: =TRIM(PROPER(Tabla_auditoría[[#This Row],[ID_Campaña]])) -> Cmp-002 | O134: =TRIM(PROPER(Tabla_auditoría[[#This Row],[Canal]])) -> Paid Social | P134: =TRIM(PROPER(Tabla_auditoría[[#This Row],[País]])) -> Portugal | Q134: =TRIM(PROPER(Tabla_auditoría[[#This Row],[Dispositivo]])) -> Mobile | R134: =TRIM(PROPER(Tabla_auditoría[[#This Row],[Tipo_Campaña]])) -> Reconocimiento | S134: =TRIM(PROPER(Tabla_auditoría[[#This Row],[Responsable]])) -> Ana García
A135: 45836 | B135: CMP-015 | C135: organic social | D135: España | E135: Desktop | F135: 164535 | G135: 3912 | H135: 539 | I135: 4300.55 | J135: 58327.65 | K135: 249 | L135: Reconocimiento | M135: Ana García | N135: =TRIM(PROPER(Tabla_auditoría[[#This Row],[ID_Campaña]])) -> Cmp-015 | O135: =TRIM(PROPER(Tabla_auditoría[[#This Row],[Canal]])) -> Organic Social | P135: =TRIM(PROPER(Tabla_auditoría[[#This Row],[País]])) -> España | Q135: =TRIM(PROPER(Tabla_auditoría[[#This Row],[Dispositivo]])) -> Desktop | R135: =TRIM(PROPER(Tabla_auditoría[[#This Row],[Tipo_Campaña]])) -> Reconocimiento | S135: =TRIM(PROPER(Tabla_auditoría[[#This Row],[Responsable]])) -> Ana García
A136: 45870 | B136: CMP-024 | C136: Paid Search | D136: España | E136: Desktop | F136: 27241 | G136: 1316 | H136: 88 | I136: 664.57 | J136: 4930.39 | K136: 46 | L136: Adquisición | M136: Laura Pérez | N136: =TRIM(PROPER(Tabla_auditoría[[#This Row],[ID_Campaña]])) -> Cmp-024 | O136: =TRIM(PROPER(Tabla_auditoría[[#This Row],[Canal]])) -> Paid Search | P136: =TRIM(PROPER(Tabla_auditoría[[#This Row],[País]])) -> España | Q136: =TRIM(PROPER(Tabla_auditoría[[#This Row],[Dispositivo]])) -> Desktop | R136: =TRIM(PROPER(Tabla_auditoría[[#This Row],[Tipo_Campaña]])) -> Adquisición | S136: =TRIM(PROPER(Tabla_auditoría[[#This Row],[Responsable]])) -> Laura Pérez
A137: 45805 | B137: CMP-001 | C137: paid search | D137: España | E137: Desktop | F137: 68241 | G137: 5400 | H137: 76 | I137: 5656.65 | J137: 7573.44 | K137: 55 | L137: Retención | M137: Marta López | N137: =TRIM(PROPER(Tabla_auditoría[[#This Row],[ID_Campaña]])) -> Cmp-001 | O137: =TRIM(PROPER(Tabla_auditoría[[#This Row],[Canal]])) -> Paid Search | P137: =TRIM(PROPER(Tabla_auditoría[[#This Row],[País]])) -> España | Q137: =TRIM(PROPER(Tabla_auditoría[[#This Row],[Dispositivo]])) -> Desktop | R137: =TRIM(PROPER(Tabla_auditoría[[#This Row],[Tipo_Campaña]])) -> Retención | S137: =TRIM(PROPER(Tabla_auditoría[[#This Row],[Responsable]])) -> Marta López
A138: 45728 | B138: CMP-021 | C138: Organic Social | D138: Portugal | E138: Desktop | F138: 116273 | G138: 7385 | H138: 510 | I138: 13188.13 | J138: 90766.58 | K138: 315 | L138: Reconocimiento | M138: Carlos Ruiz | N138: =TRIM(PROPER(Tabla_auditoría[[#This Row],[ID_Campaña]])) -> Cmp-021 | O138: =TRIM(PROPER(Tabla_auditoría[[#This Row],[Canal]])) -> Organic Social | P138: =TRIM(PROPER(Tabla_auditoría[[#This Row],[País]])) -> Portugal | Q138: =TRIM(PROPER(Tabla_auditoría[[#This Row],[Dispositivo]])) -> Desktop | R138: =TRIM(PROPER(Tabla_auditoría[[#This Row],[Tipo_Campaña]])) -> Reconocimiento | S138: =TRIM(PROPER(Tabla_auditoría[[#This Row],[Responsable]])) -> Carlos Ruiz
A139: 46005 | B139: CMP-023 | C139: Affiliate | D139: México | E139: Desktop | F139: 50511 | G139: 290 | H139: 34 | I139: 552.38 | J139: 3612.1 | K139: 30 | L139: Retención | M139: Marta López | N139: =TRIM(PROPER(Tabla_auditoría[[#This Row],[ID_Campaña]])) -> Cmp-023 | O139: =TRIM(PROPER(Tabla_auditoría[[#This Row],[Canal]])) -> Affiliate | P139: =TRIM(PROPER(Tabla_auditoría[[#This Row],[País]])) -> México | Q139: =TRIM(PROPER(Tabla_auditoría[[#This Row],[Dispositivo]])) -> Desktop | R139: =TRIM(PROPER(Tabla_auditoría[[#This Row],[Tipo_Campaña]])) -> Retención | S139: =TRIM(PROPER(Tabla_auditoría[[#This Row],[Responsable]])) -> Marta López
A140: 45917 | B140: CMP-027 | C140: Email | D140: Portugal | E140: Desktop | F140: 82692 | G140: 6137 | H140: 337 | I140: 2284.72 | J140: 73323.36 | K140: 266 | L140: Adquisición | M140: Laura Pérez | N140: =TRIM(PROPER(Tabla_auditoría[[#This Row],[ID_Campaña]])) -> Cmp-027 | O140: =TRIM(PROPER(Tabla_auditoría[[#This Row],[Canal]])) -> Email | P140: =TRIM(PROPER(Tabla_auditoría[[#This Row],[País]])) -> Portugal | Q140: =TRIM(PROPER(Tabla_auditoría[[#This Row],[Dispositivo]])) -> Desktop | R140: =TRIM(PROPER(Tabla_auditoría[[#This Row],[Tipo_Campaña]])) -> Adquisición | S140: =TRIM(PROPER(Tabla_auditoría[[#This Row],[Responsable]])) -> Laura Pérez
A141: 45729 | B141: CMP-029 | C141: Email | D141: España | E141: Desktop | F141: 24708 | G141: 1803 | H141: 151 | I141: 947.2 | J141: 30738.35 | K141: 127 | L141: Retención | M141: Laura Pérez | N141: =TRIM(PROPER(Tabla_auditoría[[#This Row],[ID_Campaña]])) -> Cmp-029 | O141: =TRIM(PROPER(Tabla_auditoría[[#This Row],[Canal]])) -> Email | P141: =TRIM(PROPER(Tabla_auditoría[[#This Row],[País]])) -> España | Q141: =TRIM(PROPER(Tabla_auditoría[[#This Row],[Dispositivo]])) -> Desktop | R141: =TRIM(PROPER(Tabla_auditoría[[#This Row],[Tipo_Campaña]])) -> Retención | S141: =TRIM(PROPER(Tabla_auditoría[[#This Row],[Responsable]])) -> Laura Pérez
A142: 45701 | B142: CMP-030 | C142: Email | D142: España | E142: Mobile | F142: 109330 | G142: 9561 | H142: 959 | I142: 11031.29 | J142: 171417.69 | K142: 634 | L142: Reconocimiento | M142: Marta López | N142: =TRIM(PROPER(Tabla_auditoría[[#This Row],[ID_Campaña]])) -> Cmp-030 | O142: =TRIM(PROPER(Tabla_auditoría[[#This Row],[Canal]])) -> Email | P142: =TRIM(PROPER(Tabla_auditoría[[#This Row],[País]])) -> España | Q142: =TRIM(PROPER(Tabla_auditoría[[#This Row],[Dispositivo]])) -> Mobile | R142: =TRIM(PROPER(Tabla_auditoría[[#This Row],[Tipo_Campaña]])) -> Reconocimiento | S142: =TRIM(PROPER(Tabla_auditoría[[#This Row],[Responsable]])) -> Marta López
A143: 45664 | B143: CMP-018 | C143: Organic Social | D143: España | E143: Mobile | F143: 127287 | G143: 2984 | H143: 355 | I143: 5481.3 | J143: 36120.64 | K143: 300 | L143: Adquisición | M143: Laura Pérez | N143: =TRIM(PROPER(Tabla_auditoría[[#This Row],[ID_Campaña]])) -> Cmp-018 | O143: =TRIM(PROPER(Tabla_auditoría[[#This Row],[Canal]])) -> Organic Social | P143: =TRIM(PROPER(Tabla_auditoría[[#This Row],[País]])) -> España | Q143: =TRIM(PROPER(Tabla_auditoría[[#This Row],[Dispositivo]])) -> Mobile | R143: =TRIM(PROPER(Tabla_auditoría[[#This Row],[Tipo_Campaña]])) -> Adquisición | S143: =TRIM(PROPER(Tabla_auditoría[[#This Row],[Responsable]])) -> Laura Pérez
A144: 45727 | B144: CMP-027 | C144: Paid Social | D144: España | E144: Desktop | F144: 3205 | G144: 93 | H144: 5 | I144: 104.64 | J144: 308.27 | K144: 3 | L144: Retención | N144: =TRIM(PROPER(Tabla_auditoría[[#This Row],[ID_Campaña]])) -> Cmp-027 | O144: =TRIM(PROPER(Tabla_auditoría[[#This Row],[Canal]])) -> Paid Social | P144: =TRIM(PROPER(Tabla_auditoría[[#This Row],[País]])) -> España | Q144: =TRIM(PROPER(Tabla_auditoría[[#This Row],[Dispositivo]])) -> Desktop | R144: =TRIM(PROPER(Tabla_auditoría[[#This Row],[Tipo_Campaña]])) -> Retención | S144: =TRIM(PROPER(Tabla_auditoría[[#This Row],[Responsable]]))
A145: 45747 | B145: CMP-022 | C145: Display | D145: México | E145: Mobile | F145: 143186 | G145: 4151 | H145: 383 | I145: 5318.8 | J145: 26849.63 | K145: 300 | L145: Reconocimiento | M145: Marta López | N145: =TRIM(PROPER(Tabla_auditoría[[#This Row],[ID_Campaña]])) -> Cmp-022 | O145: =TRIM(PROPER(Tabla_auditoría[[#This Row],[Canal]])) -> Display | P145: =TRIM(PROPER(Tabla_auditoría[[#This Row],[País]])) -> México | Q145: =TRIM(PROPER(Tabla_auditoría[[#This Row],[Dispositivo]])) -> Mobile | R145: =TRIM(PROPER(Tabla_auditoría[[#This Row],[Tipo_Campaña]])) -> Reconocimiento | S145: =TRIM(PROPER(Tabla_auditoría[[#This Row],[Responsable]])) -> Marta López
A146: 45939 | B146: CMP-028 | C146: Display | D146: España | E146: Desktop | F146: 159308 | G146: 10535 | H146: 140 | I146: 8913.76 | J146: 18838.45 | K146: 96 | L146: Conversión | M146: Carlos Ruiz | N146: =TRIM(PROPER(Tabla_auditoría[[#This Row],[ID_Campaña]])) -> Cmp-028 | O146: =TRIM(PROPER(Tabla_auditoría[[#This Row],[Canal]])) -> Display | P146: =TRIM(PROPER(Tabla_auditoría[[#This Row],[País]])) -> España | Q146: =TRIM(PROPER(Tabla_auditoría[[#This Row],[Dispositivo]])) -> Desktop | R146: =TRIM(PROPER(Tabla_auditoría[[#This Row],[Tipo_Campaña]])) -> Conversión | S146: =TRIM(PROPER(Tabla_auditoría[[#This Row],[Responsable]])) -> Carlos Ruiz
A147: 45725 | B147: CMP-007 | C147: Affiliate | D147: Francia | E147: Mobile | F147: 171401 | G147: 8378 | H147: 241 | I147: 17294.6 | J147: 30380.08 | K147: 180 | L147: Conversión | M147: Laura Pérez | N147: =TRIM(PROPER(Tabla_auditoría[[#This Row],[ID_Campaña]])) -> Cmp-007 | O147: =TRIM(PROPER(Tabla_auditoría[[#This Row],[Canal]])) -> Affiliate | P147: =TRIM(PROPER(Tabla_auditoría[[#This Row],[País]])) -> Francia | Q147: =TRIM(PROPER(Tabla_auditoría[[#This Row],[Dispositivo]])) -> Mobile | R147: =TRIM(PROPER(Tabla_auditoría[[#This Row],[Tipo_Campaña]])) -> Conversión | S147: =TRIM(PROPER(Tabla_auditoría[[#This Row],[Responsable]])) -> Laura Pérez
A148: 45988 | B148: CMP-005 | D148: España | E148: Mobile | F148: 56296 | G148: 2915 | H148: 404 | I148: 5926.51 | J148: 75911.75 | K148: 296 | L148: Adquisición | M148: Ana García | N148: =TRIM(PROPER(Tabla_auditoría[[#This Row],[ID_Campaña]])) -> Cmp-005 | O148: =TRIM(PROPER(Tabla_auditoría[[#This Row],[Canal]])) | P148: =TRIM(PROPER(Tabla_auditoría[[#This Row],[País]])) -> España | Q148: =TRIM(PROPER(Tabla_auditoría[[#This Row],[Dispositivo]])) -> Mobile | R148: =TRIM(PROPER(Tabla_auditoría[[#This Row],[Tipo_Campaña]])) -> Adquisición | S148: =TRIM(PROPER(Tabla_auditoría[[#This Row],[Responsable]])) -> Ana García
A149: 45832 | B149: CMP-016 | C149: Email | D149: España | E149: Desktop | F149: 65635 | G149: 1596 | H149: 219 | I149: 1057.81 | J149: 17550.6 | K149: 136 | L149: Conversión | M149: Luis Martín | N149: =TRIM(PROPER(Tabla_auditoría[[#This Row],[ID_Campaña]])) -> Cmp-016 | O149: =TRIM(PROPER(Tabla_auditoría[[#This Row],[Canal]])) -> Email | P149: =TRIM(PROPER(Tabla_auditoría[[#This Row],[País]])) -> España | Q149: =TRIM(PROPER(Tabla_auditoría[[#This Row],[Dispositivo]])) -> Desktop | R149: =TRIM(PROPER(Tabla_auditoría[[#This Row],[Tipo_Campaña]])) -> Conversión | S149: =TRIM(PROPER(Tabla_auditoría[[#This Row],[Responsable]])) -> Luis Martín
A150: 45812 | B150: CMP-022 | C150: Display | D150: México | E150: Mobile | F150: 126856 | G150: 551 | H150: 48 | I150: 226.62 | J150: 1452.3 | K150: 28 | L150: Retención | M150: Laura Pérez | N150: =TRIM(PROPER(Tabla_auditoría[[#This Row],[ID_Campaña]])) -> Cmp-022 | O150: =TRIM(PROPER(Tabla_auditoría[[#This Row],[Canal]])) -> Display | P150: =TRIM(PROPER(Tabla_auditoría[[#This Row],[País]])) -> México | Q150: =TRIM(PROPER(Tabla_auditoría[[#This Row],[Dispositivo]])) -> Mobile | R150: =TRIM(PROPER(Tabla_auditoría[[#This Row],[Tipo_Campaña]])) -> Retención | S150: =TRIM(PROPER(Tabla_auditoría[[#This Row],[Responsable]])) -> Laura Pérez
A151: 45901 | B151: CMP-025 | C151: Display | D151: España | E151: Desktop | F151: 151546 | G151: 706 | H151: 14 | I151: 852.88 | J151: 1939.33 | K151: 7 | L151: Retención | M151: Luis Martín | N151: =TRIM(PROPER(Tabla_auditoría[[#This Row],[ID_Campaña]])) -> Cmp-025 | O151: =TRIM(PROPER(Tabla_auditoría[[#This Row],[Canal]])) -> Display | P151: =TRIM(PROPER(Tabla_auditoría[[#This Row],[País]])) -> España | Q151: =TRIM(PROPER(Tabla_auditoría[[#This Row],[Dispositivo]])) -> Desktop | R151: =TRIM(PROPER(Tabla_auditoría[[#This Row],[Tipo_Campaña]])) -> Retención | S151: =TRIM(PROPER(Tabla_auditoría[[#This Row],[Responsable]])) -> Luis Martín
A152: 45880 | B152: CMP-030 | C152: Paid Social | D152: España | E152: Mobile | F152: 150117 | G152: 8309 | H152: 450 | I152: 7578.69 | J152: 81946.09 | K152: 226 | L152: Conversión | M152: Carlos Ruiz | N152: =TRIM(PROPER(Tabla_auditoría[[#This Row],[ID_Campaña]])) -> Cmp-030 | O152: =TRIM(PROPER(Tabla_auditoría[[#This Row],[Canal]])) -> Paid Social | P152: =TRIM(PROPER(Tabla_auditoría[[#This Row],[País]])) -> España | Q152: =TRIM(PROPER(Tabla_auditoría[[#This Row],[Dispositivo]])) -> Mobile | R152: =TRIM(PROPER(Tabla_auditoría[[#This Row],[Tipo_Campaña]])) -> Conversión | S152: =TRIM(PROPER(Tabla_auditoría[[#This Row],[Responsable]])) -> Carlos Ruiz
A153: 45666 | B153: CMP-006 | C153: Organic Social | D153: Italia | E153: Mobile | F153: 78280 | G153: 3635 | H153: 303 | I153: 7526.87 | J153: 66167.11 | K153: 228 | L153: Reconocimiento | M153: Carlos Ruiz | N153: =TRIM(PROPER(Tabla_auditoría[[#This Row],[ID_Campaña]])) -> Cmp-006 | O153: =TRIM(PROPER(Tabla_auditoría[[#This Row],[Canal]])) -> Organic Social | P153: =TRIM(PROPER(Tabla_auditoría[[#This Row],[País]])) -> Italia | Q153: =TRIM(PROPER(Tabla_auditoría[[#This Row],[Dispositivo]])) -> Mobile | R153: =TRIM(PROPER(Tabla_auditoría[[#This Row],[Tipo_Campaña]])) -> Reconocimiento | S153: =TRIM(PROPER(Tabla_auditoría[[#This Row],[Responsable]])) -> Carlos Ruiz
A154: 45939 | B154: CMP-004 | C154: Affiliate | D154: México | E154: Desktop | F154: 62151 | G154: 3252 | H154: 101 | I154: 5983.42 | J154: 20425.59 | K154: 81 | L154: Retención | M154: Marta López | N154: =TRIM(PROPER(Tabla_auditoría[[#This Row],[ID_Campaña]])) -> Cmp-004 | O154: =TRIM(PROPER(Tabla_auditoría[[#This Row],[Canal]])) -> Affiliate | P154: =TRIM(PROPER(Tabla_auditoría[[#This Row],[País]])) -> México | Q154: =TRIM(PROPER(Tabla_auditoría[[#This Row],[Dispositivo]])) -> Desktop | R154: =TRIM(PROPER(Tabla_auditoría[[#This Row],[Tipo_Campaña]])) -> Retención | S154: =TRIM(PROPER(Tabla_auditoría[[#This Row],[Responsable]])) -> Marta López
A155: 45984 | B155: cmp-010 | C155: Email | D155: España | E155: Desktop | F155: 84202 | G155: 5175 | H155: 523 | I155: 8691.29 | J155: 70646.54 | K155: 315 | L155: Retención | M155: Laura Pérez | N155: =TRIM(PROPER(Tabla_auditoría[[#This Row],[ID_Campaña]])) -> Cmp-010 | O155: =TRIM(PROPER(Tabla_auditoría[[#This Row],[Canal]])) -> Email | P155: =TRIM(PROPER(Tabla_auditoría[[#This Row],[País]])) -> España | Q155: =TRIM(PROPER(Tabla_auditoría[[#This Row],[Dispositivo]])) -> Desktop | R155: =TRIM(PROPER(Tabla_auditoría[[#This Row],[Tipo_Campaña]])) -> Retención | S155: =TRIM(PROPER(Tabla_auditoría[[#This Row],[Responsable]])) -> Laura Pérez
A156: 45873 | B156: CMP-015 | C156: Affiliate | E156: Mobile | F156: 70993 | G156: 5324 | H156: 363 | I156: 6370.38 | J156: 10725.48 | K156: 322 | L156: Retención | M156: Luis Martín | N156: =TRIM(PROPER(Tabla_auditoría[[#This Row],[ID_Campaña]])) -> Cmp-015 | O156: =TRIM(PROPER(Tabla_auditoría[[#This Row],[Canal]])) -> Affiliate | P156: =TRIM(PROPER(Tabla_auditoría[[#This Row],[País]])) | Q156: =TRIM(PROPER(Tabla_auditoría[[#This Row],[Dispositivo]])) -> Mobile | R156: =TRIM(PROPER(Tabla_auditoría[[#This Row],[Tipo_Campaña]])) -> Retención | S156: =TRIM(PROPER(Tabla_auditoría[[#This Row],[Responsable]])) -> Luis Martín
A157: 45943 | B157: CMP-029 | C157: Organic Social | D157: Francia | E157: Mobile | F157: 5365 | G157: 283 | H157: 20 | I157: 429.12 | J157: 1588.92 | K157: 9 | L157: Adquisición | M157: Luis Martín | N157: =TRIM(PROPER(Tabla_auditoría[[#This Row],[ID_Campaña]])) -> Cmp-029 | O157: =TRIM(PROPER(Tabla_auditoría[[#This Row],[Canal]])) -> Organic Social | P157: =TRIM(PROPER(Tabla_auditoría[[#This Row],[País]])) -> Francia | Q157: =TRIM(PROPER(Tabla_auditoría[[#This Row],[Dispositivo]])) -> Mobile | R157: =TRIM(PROPER(Tabla_auditoría[[#This Row],[Tipo_Campaña]])) -> Adquisición | S157: =TRIM(PROPER(Tabla_auditoría[[#This Row],[Responsable]])) -> Luis Martín
A158: 45766 | B158: CMP-027 | C158: Email | D158: España | E158: Mobile | F158: 76473 | G158: 1429 | H158: 67 | I158: 837.55 | J158: 10003.66 | K158: 37 | L158: Conversión | M158: Carlos Ruiz | N158: =TRIM(PROPER(Tabla_auditoría[[#This Row],[ID_Campaña]])) -> Cmp-027 | O158: =TRIM(PROPER(Tabla_auditoría[[#This Row],[Canal]])) -> Email | P158: =TRIM(PROPER(Tabla_auditoría[[#This Row],[País]])) -> España | Q158: =TRIM(PROPER(Tabla_auditoría[[#This Row],[Dispositivo]])) -> Mobile | R158: =TRIM(PROPER(Tabla_auditoría[[#This Row],[Tipo_Campaña]])) -> Conversión | S158: =TRIM(PROPER(Tabla_auditoría[[#This Row],[Responsable]])) -> Carlos Ruiz
A159: 45682 | B159: CMP-012 | C159: Email | D159: Francia | E159: Mobile | F159: 89336 | G159: 2284 | H159: 258 | I159: 1750.33 | J159: 51761.79 | K159: 131 | L159: Adquisición | M159: Ana García | N159: =TRIM(PROPER(Tabla_auditoría[[#This Row],[ID_Campaña]])) -> Cmp-012 | O159: =TRIM(PROPER(Tabla_auditoría[[#This Row],[Canal]])) -> Email | P159: =TRIM(PROPER(Tabla_auditoría[[#This Row],[País]])) -> Francia | Q159: =TRIM(PROPER(Tabla_auditoría[[#This Row],[Dispositivo]])) -> Mobile | R159: =TRIM(PROPER(Tabla_auditoría[[#This Row],[Tipo_Campaña]])) -> Adquisición | S159: =TRIM(PROPER(Tabla_auditoría[[#This Row],[Responsable]])) -> Ana García
A160: 45672 | B160: CMP-028 | C160: Display | D160: España | E160: Desktop | F160: 45075 | G160: 3575 | H160: 175 | I160: 5975.28 | J160: 36336.83 | K160: 128 | L160: Retención | M160: Laura Pérez | N160: =TRIM(PROPER(Tabla_auditoría[[#This Row],[ID_Campaña]])) -> Cmp-028 | O160: =TRIM(PROPER(Tabla_auditoría[[#This Row],[Canal]])) -> Display | P160: =TRIM(PROPER(Tabla_auditoría[[#This Row],[País]])) -> España | Q160: =TRIM(PROPER(Tabla_auditoría[[#This Row],[Dispositivo]])) -> Desktop | R160: =TRIM(PROPER(Tabla_auditoría[[#This Row],[Tipo_Campaña]])) -> Retención | S160: =TRIM(PROPER(Tabla_auditoría[[#This Row],[Responsable]])) -> Laura Pérez
A161: 46017 | B161: CMP-003 | C161: paid social | D161: Francia | E161: Desktop | F161: 10749 | G161: 592 | H161: 55 | I161: 794.7 | J161: 5606.04 | K161: 48 | L161: Retención | M161: Carlos Ruiz | N161: =TRIM(PROPER(Tabla_auditoría[[#This Row],[ID_Campaña]])) -> Cmp-003 | O161: =TRIM(PROPER(Tabla_auditoría[[#This Row],[Canal]])) -> Paid Social | P161: =TRIM(PROPER(Tabla_auditoría[[#This Row],[País]])) -> Francia | Q161: =TRIM(PROPER(Tabla_auditoría[[#This Row],[Dispositivo]])) -> Desktop | R161: =TRIM(PROPER(Tabla_auditoría[[#This Row],[Tipo_Campaña]])) -> Retención | S161: =TRIM(PROPER(Tabla_auditoría[[#This Row],[Responsable]])) -> Carlos Ruiz
A162: 45915 | B162: CMP-010 | C162: Affiliate | D162: México | E162: Desktop | F162: 174829 | G162: 11184 | H162: 699 | I162: 23368.09 | J162: 152960.56 | K162: 468 | L162: Adquisición | M162: Marta López | N162: =TRIM(PROPER(Tabla_auditoría[[#This Row],[ID_Campaña]])) -> Cmp-010 | O162: =TRIM(PROPER(Tabla_auditoría[[#This Row],[Canal]])) -> Affiliate | P162: =TRIM(PROPER(Tabla_auditoría[[#This Row],[País]])) -> México | Q162: =TRIM(PROPER(Tabla_auditoría[[#This Row],[Dispositivo]])) -> Desktop | R162: =TRIM(PROPER(Tabla_auditoría[[#This Row],[Tipo_Campaña]])) -> Adquisición | S162: =TRIM(PROPER(Tabla_auditoría[[#This Row],[Responsable]])) -> Marta López
A163: 45723 | B163: CMP-011 | C163: Email | D163: Italia | E163: Mobile | F163: 150839 | G163: 2552 | H163: 228 | I163: 2408.91 | J163: 48203.95 | K163: 117 | L163: Retención | M163: Luis Martín | N163: =TRIM(PROPER(Tabla_auditoría[[#This Row],[ID_Campaña]])) -> Cmp-011 | O163: =TRIM(PROPER(Tabla_auditoría[[#This Row],[Canal]])) -> Email | P163: =TRIM(PROPER(Tabla_auditoría[[#This Row],[País]])) -> Italia | Q163: =TRIM(PROPER(Tabla_auditoría[[#This Row],[Dispositivo]])) -> Mobile | R163: =TRIM(PROPER(Tabla_auditoría[[#This Row],[Tipo_Campaña]])) -> Retención | S163: =TRIM(PROPER(Tabla_auditoría[[#This Row],[Responsable]])) -> Luis Martín
A164: 45939 | B164: CMP-004 | C164: Email | D164: España | E164: Mobile | F164: 31736 | G164: 664 | H164: 53 | I164: 135.89 | J164: 5370.7 | K164: 46 | L164: Conversión | M164: Laura Pérez | N164: =TRIM(PROPER(Tabla_auditoría[[#This Row],[ID_Campaña]])) -> Cmp-004 | O164: =TRIM(PROPER(Tabla_auditoría[[#This Row],[Canal]])) -> Email | P164: =TRIM(PROPER(Tabla_auditoría[[#This Row],[País]])) -> España | Q164: =TRIM(PROPER(Tabla_auditoría[[#This Row],[Dispositivo]])) -> Mobile | R164: =TRIM(PROPER(Tabla_auditoría[[#This Row],[Tipo_Campaña]])) -> Conversión | S164: =TRIM(PROPER(Tabla_auditoría[[#This Row],[Responsable]])) -> Laura Pérez
A165: 45962 | B165: CMP-009 | C165: Paid Search | D165: México | E165: Desktop | F165: 72086 | G165: 3771 | H165: 308 | I165: 4287.62 | J165: 18299.27 | K165: 147 | L165: Adquisición | M165: Ana García | N165: =TRIM(PROPER(Tabla_auditoría[[#This Row],[ID_Campaña]])) -> Cmp-009 | O165: =TRIM(PROPER(Tabla_auditoría[[#This Row],[Canal]])) -> Paid Search | P165: =TRIM(PROPER(Tabla_auditoría[[#This Row],[País]])) -> México | Q165: =TRIM(PROPER(Tabla_auditoría[[#This Row],[Dispositivo]])) -> Desktop | R165: =TRIM(PROPER(Tabla_auditoría[[#This Row],[Tipo_Campaña]])) -> Adquisición | S165: =TRIM(PROPER(Tabla_auditoría[[#This Row],[Responsable]])) -> Ana García
A166: 45883 | B166: cmp-006 | C166: Organic Social | D166: España | E166: Mobile | F166: 171399 | G166: 13578 | H166: 577 | I166: 18535.46 | J166: 103508.43 | K166: 334 | L166: Retención | M166: Laura Pérez | N166: =TRIM(PROPER(Tabla_auditoría[[#This Row],[ID_Campaña]])) -> Cmp-006 | O166: =TRIM(PROPER(Tabla_auditoría[[#This Row],[Canal]])) -> Organic Social | P166: =TRIM(PROPER(Tabla_auditoría[[#This Row],[País]])) -> España | Q166: =TRIM(PROPER(Tabla_auditoría[[#This Row],[Dispositivo]])) -> Mobile | R166: =TRIM(PROPER(Tabla_auditoría[[#This Row],[Tipo_Campaña]])) -> Retención | S166: =TRIM(PROPER(Tabla_auditoría[[#This Row],[Responsable]])) -> Laura Pérez
A167: 45895 | B167: CMP-003 | C167: Organic Social | D167: España | E167: Mobile | F167: 117579 | G167: 7543 | H167: 562 | I167: 5372.17 | J167: 49258.16 | K167: 446 | L167: Retención | M167: Ana García | N167: =TRIM(PROPER(Tabla_auditoría[[#This Row],[ID_Campaña]])) -> Cmp-003 | O167: =TRIM(PROPER(Tabla_auditoría[[#This Row],[Canal]])) -> Organic Social | P167: =TRIM(PROPER(Tabla_auditoría[[#This Row],[País]])) -> España | Q167: =TRIM(PROPER(Tabla_auditoría[[#This Row],[Dispositivo]])) -> Mobile | R167: =TRIM(PROPER(Tabla_auditoría[[#This Row],[Tipo_Campaña]])) -> Retención | S167: =TRIM(PROPER(Tabla_auditoría[[#This Row],[Responsable]])) -> Ana García
A168: 45870 | B168: CMP-008 | C168: Email | D168: Italia | E168: Mobile | F168: 88446 | G168: 4732 | H168: 194 | I168: 1292.18 | J168: 9438.83 | K168: 166 | L168: Adquisición | M168: Ana García | N168: =TRIM(PROPER(Tabla_auditoría[[#This Row],[ID_Campaña]])) -> Cmp-008 | O168: =TRIM(PROPER(Tabla_auditoría[[#This Row],[Canal]])) -> Email | P168: =TRIM(PROPER(Tabla_auditoría[[#This Row],[País]])) -> Italia | Q168: =TRIM(PROPER(Tabla_auditoría[[#This Row],[Dispositivo]])) -> Mobile | R168: =TRIM(PROPER(Tabla_auditoría[[#This Row],[Tipo_Campaña]])) -> Adquisición | S168: =TRIM(PROPER(Tabla_auditoría[[#This Row],[Responsable]])) -> Ana García
... A179: 45749 | B179: CMP-005 | C179: Display | D179: Portugal | E179: Mobile | F179: 84649 | G179: 4760 | H179: 341 | I179: 4437.73 | J179: 12820.09 | K179: 243 | L179: Adquisición | M179: Luis Martín | N179: =TRIM(PROPER(Tabla_auditoría[[#This Row],[ID_Campaña]])) -> Cmp-005 | O179: =TRIM(PROPER(Tabla_auditoría[[#This Row],[Canal]])) -> Display | P179: =TRIM(PROPER(Tabla_auditoría[[#This Row],[País]])) -> Portugal | Q179: =TRIM(PROPER(Tabla_auditoría[[#This Row],[Dispositivo]])) -> Mobile | R179: =TRIM(PROPER(Tabla_auditoría[[#This Row],[Tipo_Campaña]])) -> Adquisición | S179: =TRIM(PROPER(Tabla_auditoría[[#This Row],[Responsable]])) -> Luis Martín
A180: 45879 | B180: CMP-013 | D180: España | E180: Desktop | F180: 149611 | G180: 8402 | H180: 717 | I180: 3182.49 | J180: 130126.07 | K180: 519 | L180: Adquisición | M180: Ana García | N180: =TRIM(PROPER(Tabla_auditoría[[#This Row],[ID_Campaña]])) -> Cmp-013 | O180: =TRIM(PROPER(Tabla_auditoría[[#This Row],[Canal]])) | P180: =TRIM(PROPER(Tabla_auditoría[[#This Row],[País]])) -> España | Q180: =TRIM(PROPER(Tabla_auditoría[[#This Row],[Dispositivo]])) -> Desktop | R180: =TRIM(PROPER(Tabla_auditoría[[#This Row],[Tipo_Campaña]])) -> Adquisición | S180: =TRIM(PROPER(Tabla_auditoría[[#This Row],[Responsable]])) -> Ana García
A181: 45888 | B181: CMP-017 | C181: Affiliate | D181: Portugal | E181: Desktop | F181: 102417 | G181: 7999 | H181: 1066 | I181: 10019.24 | J181: 171998.5 | K181: 772 | L181: Conversión | M181: Ana García | N181: =TRIM(PROPER(Tabla_auditoría[[#This Row],[ID_Campaña]])) -> Cmp-017 | O181: =TRIM(PROPER(Tabla_auditoría[[#This Row],[Canal]])) -> Affiliate | P181: =TRIM(PROPER(Tabla_auditoría[[#This Row],[País]])) -> Portugal | Q181: =TRIM(PROPER(Tabla_auditoría[[#This Row],[Dispositivo]])) -> Desktop | R181: =TRIM(PROPER(Tabla_auditoría[[#This Row],[Tipo_Campaña]])) -> Conversión | S181: =TRIM(PROPER(Tabla_auditoría[[#This Row],[Responsable]])) -> Ana García
A182: 45978 | B182: CMP-008 | C182: Affiliate | D182: España | E182: Desktop | F182: 63443 | G182: 2659 | H182: 27 | I182: 1559.63 | J182: 4827.67 | K182: 19 | L182: Adquisición | M182: Luis Martín | N182: =TRIM(PROPER(Tabla_auditoría[[#This Row],[ID_Campaña]])) -> Cmp-008 | O182: =TRIM(PROPER(Tabla_auditoría[[#This Row],[Canal]])) -> Affiliate | P182: =TRIM(PROPER(Tabla_auditoría[[#This Row],[País]])) -> España | Q182: =TRIM(PROPER(Tabla_auditoría[[#This Row],[Dispositivo]])) -> Desktop | R182: =TRIM(PROPER(Tabla_auditoría[[#This Row],[Tipo_Campaña]])) -> Adquisición | S182: =TRIM(PROPER(Tabla_auditoría[[#This Row],[Responsable]])) -> Luis Martín
A183: 45731 | B183: CMP-016 | C183: Organic Social | D183: Portugal | E183: Tablet | F183: 54129 | G183: 1124 | H183: 67 | I183: 1833.71 | J183: 10818.44 | K183: 30 | L183: Adquisición | M183: Marta López | N183: =TRIM(PROPER(Tabla_auditoría[[#This Row],[ID_Campaña]])) -> Cmp-016 | O183: =TRIM(PROPER(Tabla_auditoría[[#This Row],[Canal]])) -> Organic Social | P183: =TRIM(PROPER(Tabla_auditoría[[#This Row],[País]])) -> Portugal | Q183: =TRIM(PROPER(Tabla_auditoría[[#This Row],[Dispositivo]])) -> Tablet | R183: =TRIM(PROPER(Tabla_auditoría[[#This Row],[Tipo_Campaña]])) -> Adquisición | S183: =TRIM(PROPER(Tabla_auditoría[[#This Row],[Responsable]])) -> Marta López
A184: 45885 | B184: CMP-015 | C184: Paid Search | D184: México | E184: Mobile | F184: 34490 | G184: 3056 | H184: 414 | I184: 3242.33 | J184: 41365.42 | K184: 227 | L184: Conversión | M184: Carlos Ruiz | N184: =TRIM(PROPER(Tabla_auditoría[[#This Row],[ID_Campaña]])) -> Cmp-015 | O184: =TRIM(PROPER(Tabla_auditoría[[#This Row],[Canal]])) -> Paid Search | P184: =TRIM(PROPER(Tabla_auditoría[[#This Row],[País]])) -> México | Q184: =TRIM(PROPER(Tabla_auditoría[[#This Row],[Dispositivo]])) -> Mobile | R184: =TRIM(PROPER(Tabla_auditoría[[#This Row],[Tipo_Campaña]])) -> Conversión | S184: =TRIM(PROPER(Tabla_auditoría[[#This Row],[Responsable]])) -> Carlos Ruiz
A185: 45689 | B185: CMP-021 | C185: Paid Search | D185: España | E185: Mobile | F185: 1442 | G185: 113 | H185: 13 | I185: 147.84 | J185: 2250.66 | K185: 6 | L185: Retención | M185: Luis Martín | N185: =TRIM(PROPER(Tabla_auditoría[[#This Row],[ID_Campaña]])) -> Cmp-021 | O185: =TRIM(PROPER(Tabla_auditoría[[#This Row],[Canal]])) -> Paid Search | P185: =TRIM(PROPER(Tabla_auditoría[[#This Row],[País]])) -> España | Q185: =TRIM(PROPER(Tabla_auditoría[[#This Row],[Dispositivo]])) -> Mobile | R185: =TRIM(PROPER(Tabla_auditoría[[#This Row],[Tipo_Campaña]])) -> Retención | S185: =TRIM(PROPER(Tabla_auditoría[[#This Row],[Responsable]])) -> Luis Martín
A186: 45865 | B186: CMP-023 | C186: Email | D186: Portugal | E186: Mobile | F186: 175538 | G186: 9664 | H186: 942 | I186: 10330.53 | J186: 27823.85 | K186: 443 | L186: Reconocimiento | M186: Luis Martín | N186: =TRIM(PROPER(Tabla_auditoría[[#This Row],[ID_Campaña]])) -> Cmp-023 | O186: =TRIM(PROPER(Tabla_auditoría[[#This Row],[Canal]])) -> Email | P186: =TRIM(PROPER(Tabla_auditoría[[#This Row],[País]])) -> Portugal | Q186: =TRIM(PROPER(Tabla_auditoría[[#This Row],[Dispositivo]])) -> Mobile | R186: =TRIM(PROPER(Tabla_auditoría[[#This Row],[Tipo_Campaña]])) -> Reconocimiento | S186: =TRIM(PROPER(Tabla_auditoría[[#This Row],[Responsable]])) -> Luis Martín
A187: 45920 | B187: CMP-030 | C187: Display | D187: México | E187: Mobile | F187: 106994 | G187: 2689 | H187: 356 | I187: 2763.42 | J187: 30823.62 | K187: 265 | L187: Retención | M187: Ana García | N187: =TRIM(PROPER(Tabla_auditoría[[#This Row],[ID_Campaña]])) -> Cmp-030 | O187: =TRIM(PROPER(Tabla_auditoría[[#This Row],[Canal]])) -> Display | P187: =TRIM(PROPER(Tabla_auditoría[[#This Row],[País]])) -> México | Q187: =TRIM(PROPER(Tabla_auditoría[[#This Row],[Dispositivo]])) -> Mobile | R187: =TRIM(PROPER(Tabla_auditoría[[#This Row],[Tipo_Campaña]])) -> Retención | S187: =TRIM(PROPER(Tabla_auditoría[[#This Row],[Responsable]])) -> Ana García
A188: 46014 | B188: CMP-021 | C188: Affiliate | D188: España | E188: Mobile | F188: 30052 | G188: 1317 | H188: 166 | I188: 2716.37 | J188: 31158.8 | K188: 124 | L188: Retención | M188: Marta López | N188: =TRIM(PROPER(Tabla_auditoría[[#This Row],[ID_Campaña]])) -> Cmp-021 | O188: =TRIM(PROPER(Tabla_auditoría[[#This Row],[Canal]])) -> Affiliate | P188: =TRIM(PROPER(Tabla_auditoría[[#This Row],[País]])) -> España | Q188: =TRIM(PROPER(Tabla_auditoría[[#This Row],[Dispositivo]])) -> Mobile | R188: =TRIM(PROPER(Tabla_auditoría[[#This Row],[Tipo_Campaña]])) -> Retención | S188: =TRIM(PROPER(Tabla_auditoría[[#This Row],[Responsable]])) -> Marta López
...

Sheet Control de datos
A1: Fecha | B1: ID_Campaña | C1: Canal | D1: País | E1: Dispositivo | F1: Impresiones | G1: Clics | H1: Conversiones | I1: Gasto_EUR | J1: Ingresos_EUR | K1: Nuevos_Clientes | L1: Tipo_Campaña | M1: Responsable | N1: Control_duplicados | O1: Duplicados | P1: Control_gasto | Q1: Control_conversiones | R1: Control_nuevos_clientes
A2: 45868 | B2: Cmp-002 | C2: Email | D2: México | E2: Desktop | F2: 129041 | G2: 9255 | H2: 1081 | I2: 4728.14 | J2: 195401.22 | K2: 926 | L2: Adquisición | M2: Carlos Ruiz | N2: =COUNTIFS($A$2:$A$2536,A2,$B$2:$B$2536,B2,$C$2:$C$2536,C2,$D$2:$D$2536,D2,$E$2:$E$2536,E2,$F$2:$F$2536,F2,$G$2:$G$2536,G2,$H$2:$H$2536,H2,$I$2:$I$2536,I2,$J$2:$J$2536,J2,$K$2:$K$2536,K2,$L$2:$L$2536,L2,$M$2:$M$2536,M2) -> 1 | O2: =IF(Tabla_control[[#This Row],[Control_duplicados]]>1,"Duplicado","Unico") -> Unico | P2: =IF(OR(I2="",I2<0),"ERROR","OK") -> OK | Q2: =IF(H2>F2,"ERROR","OK") -> OK | R2: =IF(K2>H2,"ERROR","OK") -> OK
A3: 45779 | B3: Cmp-009 | C3: Paid Search | D3: Italia | E3: Desktop | F3: 50677 | G3: 4047 | H3: 409 | I3: 6481.73 | J3: 65100.85 | K3: 249 | L3: Retención | M3: Luis Martín | N3: =COUNTIFS($A$2:$A$2536,A3,$B$2:$B$2536,B3,$C$2:$C$2536,C3,$D$2:$D$2536,D3,$E$2:$E$2536,E3,$F$2:$F$2536,F3,$G$2:$G$2536,G3,$H$2:$H$2536,H3,$I$2:$I$2536,I3,$J$2:$J$2536,J3,$K$2:$K$2536,K3,$L$2:$L$2536,L3,$M$2:$M$2536,M3) -> 2 | O3: =IF(Tabla_control[[#This Row],[Control_duplicados]]>1,"Duplicado","Unico") -> Duplicado | P3: =IF(OR(I3="",I3<0),"ERROR","OK") -> OK | Q3: =IF(H3>F3,"ERROR","OK") -> OK | R3: =IF(K3>H3,"ERROR","OK") -> OK | U3: Tabla control
A4: 45662 | B4: Cmp-009 | C4: Email | D4: Francia | E4: Desktop | F4: 12070 | G4: 959 | H4: 57 | I4: 1465.19 | J4: 7772.79 | K4: 31 | L4: Retención | M4: Laura Pérez | N4: =COUNTIFS($A$2:$A$2536,A4,$B$2:$B$2536,B4,$C$2:$C$2536,C4,$D$2:$D$2536,D4,$E$2:$E$2536,E4,$F$2:$F$2536,F4,$G$2:$G$2536,G4,$H$2:$H$2536,H4,$I$2:$I$2536,I4,$J$2:$J$2536,J4,$K$2:$K$2536,K4,$L$2:$L$2536,L4,$M$2:$M$2536,M4) -> 1 | O4: =IF(Tabla_control[[#This Row],[Control_duplicados]]>1,"Duplicado","Unico") -> Unico | P4: =IF(OR(I4="",I4<0),"ERROR","OK") -> OK | Q4: =IF(H4>F4,"ERROR","OK") -> OK | R4: =IF(K4>H4,"ERROR","OK") -> OK
A5: 45815 | B5: Cmp-002 | C5: Affiliate | D5: España | E5: Mobile | F5: 114121 | G5: 890 | H5: 114 | I5: 1196.8 | J5: 24221.44 | K5: 52 | L5: Adquisición | M5: Luis Martín | N5: =COUNTIFS($A$2:$A$2536,A5,$B$2:$B$2536,B5,$C$2:$C$2536,C5,$D$2:$D$2536,D5,$E$2:$E$2536,E5,$F$2:$F$2536,F5,$G$2:$G$2536,G5,$H$2:$H$2536,H5,$I$2:$I$2536,I5,$J$2:$J$2536,J5,$K$2:$K$2536,K5,$L$2:$L$2536,L5,$M$2:$M$2536,M5) -> 1 | O5: =IF(Tabla_control[[#This Row],[Control_duplicados]]>1,"Duplicado","Unico") -> Unico | P5: =IF(OR(I5="",I5<0),"ERROR","OK") -> OK | Q5: =IF(H5>F5,"ERROR","OK") -> OK | R5: =IF(K5>H5,"ERROR","OK") -> OK | T5: =COUNTIFS(Tabla_control[Duplicados],"Duplicado") -> 70 | U5: Duplicados | V5: =T5/2 -> 35
A6: 45916 | B6: Cmp-026 | C6: Paid Search | D6: Portugal | E6: Desktop | F6: 123994 | G6: 5563 | H6: 308 | I6: 1315.48 | J6: 47341.08 | K6: 254 | L6: Adquisición | M6: Luis Martín | N6: =COUNTIFS($A$2:$A$2536,A6,$B$2:$B$2536,B6,$C$2:$C$2536,C6,$D$2:$D$2536,D6,$E$2:$E$2536,E6,$F$2:$F$2536,F6,$G$2:$G$2536,G6,$H$2:$H$2536,H6,$I$2:$I$2536,I6,$J$2:$J$2536,J6,$K$2:$K$2536,K6,$L$2:$L$2536,L6,$M$2:$M$2536,M6) -> 1 | O6: =IF(Tabla_control[[#This Row],[Control_duplicados]]>1,"Duplicado","Unico") -> Unico | P6: =IF(OR(I6="",I6<0),"ERROR","OK") -> OK | Q6: =IF(H6>F6,"ERROR","OK") -> OK | R6: =IF(K6>H6,"ERROR","OK") -> OK | U6: Control_gasto | V6: =COUNTIF(Tabla_control[Control_gasto],"ERROR") -> 16
A7: 45934 | B7: Cmp-022 | C7: Paid Social | D7: Portugal | E7: Tablet | F7: 170534 | G7: 7543 | H7: 96 | I7: 10662.79 | J7: 15691.35 | K7: 51 | L7: Adquisición | M7: Carlos Ruiz | N7: =COUNTIFS($A$2:$A$2536,A7,$B$2:$B$2536,B7,$C$2:$C$2536,C7,$D$2:$D$2536,D7,$E$2:$E$2536,E7,$F$2:$F$2536,F7,$G$2:$G$2536,G7,$H$2:$H$2536,H7,$I$2:$I$2536,I7,$J$2:$J$2536,J7,$K$2:$K$2536,K7,$L$2:$L$2536,L7,$M$2:$M$2536,M7) -> 1 | O7: =IF(Tabla_control[[#This Row],[Control_duplicados]]>1,"Duplicado","Unico") -> Unico | P7: =IF(OR(I7="",I7<0),"ERROR","OK") -> OK | Q7: =IF(H7>F7,"ERROR","OK") -> OK | R7: =IF(K7>H7,"ERROR","OK") -> OK | U7: Control_conversiones | V7: =COUNTIF(Tabla_control[Control_conversiones],"ERROR") -> 0
A8: 45828 | B8: Cmp-015 | C8: Email | D8: Francia | E8: Tablet | F8: 84579 | G8: 3855 | H8: 121 | I8: 7967.14 | J8: 12733.03 | K8: 58 | L8: Reconocimiento | M8: Marta López | N8: =COUNTIFS($A$2:$A$2536,A8,$B$2:$B$2536,B8,$C$2:$C$2536,C8,$D$2:$D$2536,D8,$E$2:$E$2536,E8,$F$2:$F$2536,F8,$G$2:$G$2536,G8,$H$2:$H$2536,H8,$I$2:$I$2536,I8,$J$2:$J$2536,J8,$K$2:$K$2536,K8,$L$2:$L$2536,L8,$M$2:$M$2536,M8) -> 1 | O8: =IF(Tabla_control[[#This Row],[Control_duplicados]]>1,"Duplicado","Unico") -> Unico | P8: =IF(OR(I8="",I8<0),"ERROR","OK") -> OK | Q8: =IF(H8>F8,"ERROR","OK") -> OK | R8: =IF(K8>H8,"ERROR","OK") -> OK | U8: Control_nuevos_clientes | V8: =COUNTIF(Tabla_control[Control_nuevos_clientes],"ERROR") -> 0
A9: 45941 | B9: Cmp-004 | C9: Affiliate | D9: Portugal | E9: Mobile | F9: 125454 | G9: 7459 | H9: 507 | I9: 14866.14 | J9: 74384.02 | K9: 356 | L9: Conversión | M9: Laura Pérez | N9: =COUNTIFS($A$2:$A$2536,A9,$B$2:$B$2536,B9,$C$2:$C$2536,C9,$D$2:$D$2536,D9,$E$2:$E$2536,E9,$F$2:$F$2536,F9,$G$2:$G$2536,G9,$H$2:$H$2536,H9,$I$2:$I$2536,I9,$J$2:$J$2536,J9,$K$2:$K$2536,K9,$L$2:$L$2536,L9,$M$2:$M$2536,M9) -> 1 | O9: =IF(Tabla_control[[#This Row],[Control_duplicados]]>1,"Duplicado","Unico") -> Unico | P9: =IF(OR(I9="",I9<0),"ERROR","OK") -> OK | Q9: =IF(H9>F9,"ERROR","OK") -> OK | R9: =IF(K9>H9,"ERROR","OK") -> OK | U9: Total | V9: =SUM(V5:V8) -> 51
A10: 45908 | B10: Cmp-017 | C10: Paid Search | D10: Portugal | E10: Desktop | F10: 147026 | G10: 2076 | H10: 174 | I10: 574.55 | J10: 13381.79 | K10: 125 | L10: Conversión | M10: Luis Martín | N10: =COUNTIFS($A$2:$A$2536,A10,$B$2:$B$2536,B10,$C$2:$C$2536,C10,$D$2:$D$2536,D10,$E$2:$E$2536,E10,$F$2:$F$2536,F10,$G$2:$G$2536,G10,$H$2:$H$2536,H10,$I$2:$I$2536,I10,$J$2:$J$2536,J10,$K$2:$K$2536,K10,$L$2:$L$2536,L10,$M$2:$M$2536,M10) -> 1 | O10: =IF(Tabla_control[[#This Row],[Control_duplicados]]>1,"Duplicado","Unico") -> Unico | P10: =IF(OR(I10="",I10<0),"ERROR","OK") -> OK | Q10: =IF(H10>F10,"ERROR","OK") -> OK | R10: =IF(K10>H10,"ERROR","OK") -> OK
A11: 45974 | B11: Cmp-002 | C11: Display | D11: Francia | E11: Mobile | F11: 8375 | G11: 469 | H11: 33 | I11: 672.99 | J11: 5104.23 | K11: 18 | L11: Conversión | M11: Marta López | N11: =COUNTIFS($A$2:$A$2536,A11,$B$2:$B$2536,B11,$C$2:$C$2536,C11,$D$2:$D$2536,D11,$E$2:$E$2536,E11,$F$2:$F$2536,F11,$G$2:$G$2536,G11,$H$2:$H$2536,H11,$I$2:$I$2536,I11,$J$2:$J$2536,J11,$K$2:$K$2536,K11,$L$2:$L$2536,L11,$M$2:$M$2536,M11) -> 1 | O11: =IF(Tabla_control[[#This Row],[Control_duplicados]]>1,"Duplicado","Unico") -> Unico | P11: =IF(OR(I11="",I11<0),"ERROR","OK") -> OK | Q11: =IF(H11>F11,"ERROR","OK") -> OK | R11: =IF(K11>H11,"ERROR","OK") -> OK
A12: 45838 | B12: Cmp-025 | C12: Organic Social | D12: España | E12: Desktop | F12: 169640 | G12: 13188 | H12: 1573 | I12: 3188.1 | J12: 158029.53 | K12: 1309 | L12: Retención | M12: Luis Martín | N12: =COUNTIFS($A$2:$A$2536,A12,$B$2:$B$2536,B12,$C$2:$C$2536,C12,$D$2:$D$2536,D12,$E$2:$E$2536,E12,$F$2:$F$2536,F12,$G$2:$G$2536,G12,$H$2:$H$2536,H12,$I$2:$I$2536,I12,$J$2:$J$2536,J12,$K$2:$K$2536,K12,$L$2:$L$2536,L12,$M$2:$M$2536,M12) -> 1 | O12: =IF(Tabla_control[[#This Row],[Control_duplicados]]>1,"Duplicado","Unico") -> Unico | P12: =IF(OR(I12="",I12<0),"ERROR","OK") -> OK | Q12: =IF(H12>F12,"ERROR","OK") -> OK | R12: =IF(K12>H12,"ERROR","OK") -> OK | U12: Número de registros | V12: =COUNTA(Tabla_control[Fecha]) -> 2535
A13: 45697 | B13: Cmp-006 | C13: Email | D13: España | E13: Desktop | F13: 1815 | G13: 46 | H13: 1 | I13: 54.04 | J13: 192.07 | K13: 0 | L13: Conversión | M13: Marta López | N13: =COUNTIFS($A$2:$A$2536,A13,$B$2:$B$2536,B13,$C$2:$C$2536,C13,$D$2:$D$2536,D13,$E$2:$E$2536,E13,$F$2:$F$2536,F13,$G$2:$G$2536,G13,$H$2:$H$2536,H13,$I$2:$I$2536,I13,$J$2:$J$2536,J13,$K$2:$K$2536,K13,$L$2:$L$2536,L13,$M$2:$M$2536,M13) -> 1 | O13: =IF(Tabla_control[[#This Row],[Control_duplicados]]>1,"Duplicado","Unico") -> Unico | P13: =IF(OR(I13="",I13<0),"ERROR","OK") -> OK | Q13: =IF(H13>F13,"ERROR","OK") -> OK | R13: =IF(K13>H13,"ERROR","OK") -> OK | U13: Registros afectados | V13: =V9 -> 51
A14: 45992 | B14: Cmp-011 | C14: Paid Social | D14: España | E14: Mobile | F14: 58400 | G14: 2796 | H14: 80 | I14: 361.39 | J14: 8867.74 | K14: 71 | L14: Reconocimiento | M14: Ana García | N14: =COUNTIFS($A$2:$A$2536,A14,$B$2:$B$2536,B14,$C$2:$C$2536,C14,$D$2:$D$2536,D14,$E$2:$E$2536,E14,$F$2:$F$2536,F14,$G$2:$G$2536,G14,$H$2:$H$2536,H14,$I$2:$I$2536,I14,$J$2:$J$2536,J14,$K$2:$K$2536,K14,$L$2:$L$2536,L14,$M$2:$M$2536,M14) -> 1 | O14: =IF(Tabla_control[[#This Row],[Control_duplicados]]>1,"Duplicado","Unico") -> Unico | P14: =IF(OR(I14="",I14<0),"ERROR","OK") -> OK | Q14: =IF(H14>F14,"ERROR","OK") -> OK | R14: =IF(K14>H14,"ERROR","OK") -> OK
A15: 45688 | B15: Cmp-018 | C15: Display | D15: México | E15: Desktop | F15: 95164 | G15: 467 | H15: 54 | I15: 899.8 | J15: 8314.82 | K15: 33 | L15: Retención | M15: Carlos Ruiz | N15: =COUNTIFS($A$2:$A$2536,A15,$B$2:$B$2536,B15,$C$2:$C$2536,C15,$D$2:$D$2536,D15,$E$2:$E$2536,E15,$F$2:$F$2536,F15,$G$2:$G$2536,G15,$H$2:$H$2536,H15,$I$2:$I$2536,I15,$J$2:$J$2536,J15,$K$2:$K$2536,K15,$L$2:$L$2536,L15,$M$2:$M$2536,M15) -> 1 | O15: =IF(Tabla_control[[#This Row],[Control_duplicados]]>1,"Duplicado","Unico") -> Unico | P15: =IF(OR(I15="",I15<0),"ERROR","OK") -> OK | Q15: =IF(H15>F15,"ERROR","OK") -> OK | R15: =IF(K15>H15,"ERROR","OK") -> OK | U15: Porcentaje de errores | V15: =V13/V12 -> 0.020118343
A16: 45938 | B16: Cmp-004 | C16: Email | D16: España | E16: Desktop | F16: 163224 | G16: 892 | H16: 116 | I16: 645.97 | J16: 13245.61 | K16: 70 | L16: Reconocimiento | M16: Ana García | N16: =COUNTIFS($A$2:$A$2536,A16,$B$2:$B$2536,B16,$C$2:$C$2536,C16,$D$2:$D$2536,D16,$E$2:$E$2536,E16,$F$2:$F$2536,F16,$G$2:$G$2536,G16,$H$2:$H$2536,H16,$I$2:$I$2536,I16,$J$2:$J$2536,J16,$K$2:$K$2536,K16,$L$2:$L$2536,L16,$M$2:$M$2536,M16) -> 1 | O16: =IF(Tabla_control[[#This Row],[Control_duplicados]]>1,"Duplicado","Unico") -> Unico | P16: =IF(OR(I16="",I16<0),"ERROR","OK") -> OK | Q16: =IF(H16>F16,"ERROR","OK") -> OK | R16: =IF(K16>H16,"ERROR","OK") -> OK
A17: 45780 | B17: Cmp-007 | C17: Affiliate | D17: Francia | E17: Tablet | F17: 44509 | G17: 1756 | H17: 45 | I17: 2433.77 | J17: 1487.74 | K17: 24 | L17: Conversión | M17: Ana García | N17: =COUNTIFS($A$2:$A$2536,A17,$B$2:$B$2536,B17,$C$2:$C$2536,C17,$D$2:$D$2536,D17,$E$2:$E$2536,E17,$F$2:$F$2536,F17,$G$2:$G$2536,G17,$H$2:$H$2536,H17,$I$2:$I$2536,I17,$J$2:$J$2536,J17,$K$2:$K$2536,K17,$L$2:$L$2536,L17,$M$2:$M$2536,M17) -> 1 | O17: =IF(Tabla_control[[#This Row],[Control_duplicados]]>1,"Duplicado","Unico") -> Unico | P17: =IF(OR(I17="",I17<0),"ERROR","OK") -> OK | Q17: =IF(H17>F17,"ERROR","OK") -> OK | R17: =IF(K17>H17,"ERROR","OK") -> OK
A18: 45799 | B18: Cmp-018 | C18: Email | D18: España | E18: Tablet | F18: 49699 | G18: 549 | H18: 14 | I18: 407.19 | J18: 2598.86 | K18: 12 | L18: Conversión | M18: Marta López | N18: =COUNTIFS($A$2:$A$2536,A18,$B$2:$B$2536,B18,$C$2:$C$2536,C18,$D$2:$D$2536,D18,$E$2:$E$2536,E18,$F$2:$F$2536,F18,$G$2:$G$2536,G18,$H$2:$H$2536,H18,$I$2:$I$2536,I18,$J$2:$J$2536,J18,$K$2:$K$2536,K18,$L$2:$L$2536,L18,$M$2:$M$2536,M18) -> 1 | O18: =IF(Tabla_control[[#This Row],[Control_duplicados]]>1,"Duplicado","Unico") -> Unico | P18: =IF(OR(I18="",I18<0),"ERROR","OK") -> OK | Q18: =IF(H18>F18,"ERROR","OK") -> OK | R18: =IF(K18>H18,"ERROR","OK") -> OK
A19: 45738 | B19: Cmp-011 | C19: Affiliate | D19: España | E19: Mobile | F19: 79946 | G19: 6644 | H19: 165 | I19: 12172.18 | J19: 3700.53 | K19: 97 | L19: Retención | M19: Luis Martín | N19: =COUNTIFS($A$2:$A$2536,A19,$B$2:$B$2536,B19,$C$2:$C$2536,C19,$D$2:$D$2536,D19,$E$2:$E$2536,E19,$F$2:$F$2536,F19,$G$2:$G$2536,G19,$H$2:$H$2536,H19,$I$2:$I$2536,I19,$J$2:$J$2536,J19,$K$2:$K$2536,K19,$L$2:$L$2536,L19,$M$2:$M$2536,M19) -> 1 | O19: =IF(Tabla_control[[#This Row],[Control_duplicados]]>1,"Duplicado","Unico") -> Unico | P19: =IF(OR(I19="",I19<0),"ERROR","OK") -> OK | Q19: =IF(H19>F19,"ERROR","OK") -> OK | R19: =IF(K19>H19,"ERROR","OK") -> OK
A20: 45765 | B20: Cmp-022 | C20: Display | D20: México | E20: Mobile | F20: 90643 | G20: 6251 | H20: 607 | I20: 1069.28 | J20: 85223.12 | K20: 473 | L20: Adquisición | M20: Ana García | N20: =COUNTIFS($A$2:$A$2536,A20,$B$2:$B$2536,B20,$C$2:$C$2536,C20,$D$2:$D$2536,D20,$E$2:$E$2536,E20,$F$2:$F$2536,F20,$G$2:$G$2536,G20,$H$2:$H$2536,H20,$I$2:$I$2536,I20,$J$2:$J$2536,J20,$K$2:$K$2536,K20,$L$2:$L$2536,L20,$M$2:$M$2536,M20) -> 1 | O20: =IF(Tabla_control[[#This Row],[Control_duplicados]]>1,"Duplicado","Unico") -> Unico | P20: =IF(OR(I20="",I20<0),"ERROR","OK") -> OK | Q20: =IF(H20>F20,"ERROR","OK") -> OK | R20: =IF(K20>H20,"ERROR","OK") -> OK
A21: 45973 | B21: Cmp-008 | C21: Display | D21: España | E21: Mobile | F21: 78294 | G21: 5439 | H21: 617 | I21: 1504.93 | J21: 130219.67 | K21: 538 | L21: Conversión | M21: Laura Pérez | N21: =COUNTIFS($A$2:$A$2536,A21,$B$2:$B$2536,B21,$C$2:$C$2536,C21,$D$2:$D$2536,D21,$E$2:$E$2536,E21,$F$2:$F$2536,F21,$G$2:$G$2536,G21,$H$2:$H$2536,H21,$I$2:$I$2536,I21,$J$2:$J$2536,J21,$K$2:$K$2536,K21,$L$2:$L$2536,L21,$M$2:$M$2536,M21) -> 1 | O21: =IF(Tabla_control[[#This Row],[Control_duplicados]]>1,"Duplicado","Unico") -> Unico | P21: =IF(OR(I21="",I21<0),"ERROR","OK") -> OK | Q21: =IF(H21>F21,"ERROR","OK") -> OK | R21: =IF(K21>H21,"ERROR","OK") -> OK
A22: 46009 | B22: Cmp-028 | C22: Paid Search | D22: Francia | E22: Desktop | F22: 4759 | G22: 234 | H22: 22 | I22: 333.25 | J22: 2425.61 | K22: 13 | L22: Retención | M22: Ana García | N22: =COUNTIFS($A$2:$A$2536,A22,$B$2:$B$2536,B22,$C$2:$C$2536,C22,$D$2:$D$2536,D22,$E$2:$E$2536,E22,$F$2:$F$2536,F22,$G$2:$G$2536,G22,$H$2:$H$2536,H22,$I$2:$I$2536,I22,$J$2:$J$2536,J22,$K$2:$K$2536,K22,$L$2:$L$2536,L22,$M$2:$M$2536,M22) -> 2 | O22: =IF(Tabla_control[[#This Row],[Control_duplicados]]>1,"Duplicado","Unico") -> Duplicado | P22: =IF(OR(I22="",I22<0),"ERROR","OK") -> OK | Q22: =IF(H22>F22,"ERROR","OK") -> OK | R22: =IF(K22>H22,"ERROR","OK") -> OK
A23: 45791 | B23: Cmp-012 | C23: Organic Social | D23: Francia | E23: Mobile | F23: 7310 | G23: 569 | H23: 77 | I23: 65.92 | J23: 3364.24 | K23: 59 | L23: Reconocimiento | M23: Luis Martín | N23: =COUNTIFS($A$2:$A$2536,A23,$B$2:$B$2536,B23,$C$2:$C$2536,C23,$D$2:$D$2536,D23,$E$2:$E$2536,E23,$F$2:$F$2536,F23,$G$2:$G$2536,G23,$H$2:$H$2536,H23,$I$2:$I$2536,I23,$J$2:$J$2536,J23,$K$2:$K$2536,K23,$L$2:$L$2536,L23,$M$2:$M$2536,M23) -> 1 | O23: =IF(Tabla_control[[#This Row],[Control_duplicados]]>1,"Duplicado","Unico") -> Unico | P23: =IF(OR(I23="",I23<0),"ERROR","OK") -> OK | Q23: =IF(H23>F23,"ERROR","OK") -> OK | R23: =IF(K23>H23,"ERROR","OK") -> OK
A24: 45989 | B24: Cmp-025 | C24: Email | D24: Portugal | E24: Mobile | F24: 42237 | G24: 591 | H24: 35 | I24: 506.92 | J24: 7159.42 | K24: 17 | L24: Reconocimiento | M24: Ana García | N24: =COUNTIFS($A$2:$A$2536,A24,$B$2:$B$2536,B24,$C$2:$C$2536,C24,$D$2:$D$2536,D24,$E$2:$E$2536,E24,$F$2:$F$2536,F24,$G$2:$G$2536,G24,$H$2:$H$2536,H24,$I$2:$I$2536,I24,$J$2:$J$2536,J24,$K$2:$K$2536,K24,$L$2:$L$2536,L24,$M$2:$M$2536,M24) -> 1 | O24: =IF(Tabla_control[[#This Row],[Control_duplicados]]>1,"Duplicado","Unico") -> Unico | P24: =IF(OR(I24="",I24<0),"ERROR","OK") -> OK | Q24: =IF(H24>F24,"ERROR","OK") -> OK | R24: =IF(K24>H24,"ERROR","OK") -> OK
A25: 45829 | B25: Cmp-002 | C25: Display | D25: Portugal | E25: Mobile | F25: 7568 | G25: 600 | H25: 21 | I25: 703.66 | J25: 3621.93 | K25: 15 | L25: Adquisición | M25: Ana García | N25: =COUNTIFS($A$2:$A$2536,A25,$B$2:$B$2536,B25,$C$2:$C$2536,C25,$D$2:$D$2536,D25,$E$2:$E$2536,E25,$F$2:$F$2536,F25,$G$2:$G$2536,G25,$H$2:$H$2536,H25,$I$2:$I$2536,I25,$J$2:$J$2536,J25,$K$2:$K$2536,K25,$L$2:$L$2536,L25,$M$2:$M$2536,M25) -> 1 | O25: =IF(Tabla_control[[#This Row],[Control_duplicados]]>1,"Duplicado","Unico") -> Unico | P25: =IF(OR(I25="",I25<0),"ERROR","OK") -> OK | Q25: =IF(H25>F25,"ERROR","OK") -> OK | R25: =IF(K25>H25,"ERROR","OK") -> OK
A26: 45860 | B26: Cmp-028 | C26: Display | D26: España | E26: Mobile | F26: 105858 | G26: 9130 | H26: 579 | I26: 8905.21 | J26: 70771.17 | K26: 511 | L26: Adquisición | M26: Carlos Ruiz | N26: =COUNTIFS($A$2:$A$2536,A26,$B$2:$B$2536,B26,$C$2:$C$2536,C26,$D$2:$D$2536,D26,$E$2:$E$2536,E26,$F$2:$F$2536,F26,$G$2:$G$2536,G26,$H$2:$H$2536,H26,$I$2:$I$2536,I26,$J$2:$J$2536,J26,$K$2:$K$2536,K26,$L$2:$L$2536,L26,$M$2:$M$2536,M26) -> 1 | O26: =IF(Tabla_control[[#This Row],[Control_duplicados]]>1,"Duplicado","Unico") -> Unico | P26: =IF(OR(I26="",I26<0),"ERROR","OK") -> OK | Q26: =IF(H26>F26,"ERROR","OK") -> OK | R26: =IF(K26>H26,"ERROR","OK") -> OK
A27: 45844 | B27: Cmp-019 | C27: Display | D27: España | E27: Mobile | F27: 103769 | G27: 4146 | H27: 299 | I27: 1850.07 | J27: 12653.93 | K27: 235 | L27: Retención | M27: Luis Martín | N27: =COUNTIFS($A$2:$A$2536,A27,$B$2:$B$2536,B27,$C$2:$C$2536,C27,$D$2:$D$2536,D27,$E$2:$E$2536,E27,$F$2:$F$2536,F27,$G$2:$G$2536,G27,$H$2:$H$2536,H27,$I$2:$I$2536,I27,$J$2:$J$2536,J27,$K$2:$K$2536,K27,$L$2:$L$2536,L27,$M$2:$M$2536,M27) -> 1 | O27: =IF(Tabla_control[[#This Row],[Control_duplicados]]>1,"Duplicado","Unico") -> Unico | P27: =IF(OR(I27="",I27<0),"ERROR","OK") -> OK | Q27: =IF(H27>F27,"ERROR","OK") -> OK | R27: =IF(K27>H27,"ERROR","OK") -> OK
... A92: 45834 | B92: Cmp-020 | C92: Paid Social | D92: Italia | E92: Mobile | F92: 168186 | G92: 12846 | H92: 248 | I92: 11843.19 | J92: 16511.03 | K92: 193 | L92: Conversión | M92: Laura Pérez | N92: =COUNTIFS($A$2:$A$2536,A92,$B$2:$B$2536,B92,$C$2:$C$2536,C92,$D$2:$D$2536,D92,$E$2:$E$2536,E92,$F$2:$F$2536,F92,$G$2:$G$2536,G92,$H$2:$H$2536,H92,$I$2:$I$2536,I92,$J$2:$J$2536,J92,$K$2:$K$2536,K92,$L$2:$L$2536,L92,$M$2:$M$2536,M92) -> 1 | O92: =IF(Tabla_control[[#This Row],[Control_duplicados]]>1,"Duplicado","Unico") -> Unico | P92: =IF(OR(I92="",I92<0),"ERROR","OK") -> OK | Q92: =IF(H92>F92,"ERROR","OK") -> OK | R92: =IF(K92>H92,"ERROR","OK") -> OK
A93: 45719 | B93: Cmp-024 | C93: Organic Social | D93: Francia | E93: Desktop | F93: 125337 | G93: 4913 | H93: 247 | J93: 19111.59 | K93: 173 | L93: Retención | M93: Ana García | N93: =COUNTIFS($A$2:$A$2536,A93,$B$2:$B$2536,B93,$C$2:$C$2536,C93,$D$2:$D$2536,D93,$E$2:$E$2536,E93,$F$2:$F$2536,F93,$G$2:$G$2536,G93,$H$2:$H$2536,H93,$I$2:$I$2536,I93,$J$2:$J$2536,J93,$K$2:$K$2536,K93,$L$2:$L$2536,L93,$M$2:$M$2536,M93) -> 0 | O93: =IF(Tabla_control[[#This Row],[Control_duplicados]]>1,"Duplicado","Unico") -> Unico | P93: =IF(OR(I93="",I93<0),"ERROR","OK") -> ERROR | Q93: =IF(H93>F93,"ERROR","OK") -> OK | R93: =IF(K93>H93,"ERROR","OK") -> OK
A94: 45770 | B94: Cmp-008 | C94: Affiliate | D94: Portugal | E94: Mobile | F94: 156107 | G94: 10929 | H94: 151 | I94: 14137.01 | J94: 25165.32 | K94: 106 | L94: Retención | M94: Carlos Ruiz | N94: =COUNTIFS($A$2:$A$2536,A94,$B$2:$B$2536,B94,$C$2:$C$2536,C94,$D$2:$D$2536,D94,$E$2:$E$2536,E94,$F$2:$F$2536,F94,$G$2:$G$2536,G94,$H$2:$H$2536,H94,$I$2:$I$2536,I94,$J$2:$J$2536,J94,$K$2:$K$2536,K94,$L$2:$L$2536,L94,$M$2:$M$2536,M94) -> 1 | O94: =IF(Tabla_control[[#This Row],[Control_duplicados]]>1,"Duplicado","Unico") -> Unico | P94: =IF(OR(I94="",I94<0),"ERROR","OK") -> OK | Q94: =IF(H94>F94,"ERROR","OK") -> OK | R94: =IF(K94>H94,"ERROR","OK") -> OK
A95: 45963 | B95: Cmp-026 | C95: Paid Social | D95: Francia | E95: Mobile | F95: 107920 | G95: 2646 | H95: 80 | I95: 313.34 | J95: 16240.95 | K95: 70 | L95: Reconocimiento | M95: Laura Pérez | N95: =COUNTIFS($A$2:$A$2536,A95,$B$2:$B$2536,B95,$C$2:$C$2536,C95,$D$2:$D$2536,D95,$E$2:$E$2536,E95,$F$2:$F$2536,F95,$G$2:$G$2536,G95,$H$2:$H$2536,H95,$I$2:$I$2536,I95,$J$2:$J$2536,J95,$K$2:$K$2536,K95,$L$2:$L$2536,L95,$M$2:$M$2536,M95) -> 2 | O95: =IF(Tabla_control[[#This Row],[Control_duplicados]]>1,"Duplicado","Unico") -> Duplicado | P95: =IF(OR(I95="",I95<0),"ERROR","OK") -> OK | Q95: =IF(H95>F95,"ERROR","OK") -> OK | R95: =IF(K95>H95,"ERROR","OK") -> OK
A96: 45830 | B96: Cmp-019 | C96: Paid Search | D96: España | E96: Tablet | F96: 149923 | G96: 13315 | H96: 1463 | I96: 10768.8 | J96: 89544.3 | K96: 1298 | L96: Conversión | M96: Luis Martín | N96: =COUNTIFS($A$2:$A$2536,A96,$B$2:$B$2536,B96,$C$2:$C$2536,C96,$D$2:$D$2536,D96,$E$2:$E$2536,E96,$F$2:$F$2536,F96,$G$2:$G$2536,G96,$H$2:$H$2536,H96,$I$2:$I$2536,I96,$J$2:$J$2536,J96,$K$2:$K$2536,K96,$L$2:$L$2536,L96,$M$2:$M$2536,M96) -> 1 | O96: =IF(Tabla_control[[#This Row],[Control_duplicados]]>1,"Duplicado","Unico") -> Unico | P96: =IF(OR(I96="",I96<0),"ERROR","OK") -> OK | Q96: =IF(H96>F96,"ERROR","OK") -> OK | R96: =IF(K96>H96,"ERROR","OK") -> OK
A97: 45888 | B97: Cmp-022 | C97: Paid Search | D97: Portugal | E97: Desktop | F97: 153656 | G97: 6271 | H97: 500 | I97: 12777.65 | J97: 13674.92 | K97: 260 | L97: Reconocimiento | M97: Laura Pérez | N97: =COUNTIFS($A$2:$A$2536,A97,$B$2:$B$2536,B97,$C$2:$C$2536,C97,$D$2:$D$2536,D97,$E$2:$E$2536,E97,$F$2:$F$2536,F97,$G$2:$G$2536,G97,$H$2:$H$2536,H97,$I$2:$I$2536,I97,$J$2:$J$2536,J97,$K$2:$K$2536,K97,$L$2:$L$2536,L97,$M$2:$M$2536,M97) -> 1 | O97: =IF(Tabla_control[[#This Row],[Control_duplicados]]>1,"Duplicado","Unico") -> Unico | P97: =IF(OR(I97="",I97<0),"ERROR","OK") -> OK | Q97: =IF(H97>F97,"ERROR","OK") -> OK | R97: =IF(K97>H97,"ERROR","OK") -> OK
A98: 45826 | B98: Cmp-007 | C98: Affiliate | D98: España | E98: Desktop | F98: 50750 | G98: 742 | H98: 33 | I98: 121.99 | J98: 1482.78 | K98: 22 | L98: Conversión | M98: Ana García | N98: =COUNTIFS($A$2:$A$2536,A98,$B$2:$B$2536,B98,$C$2:$C$2536,C98,$D$2:$D$2536,D98,$E$2:$E$2536,E98,$F$2:$F$2536,F98,$G$2:$G$2536,G98,$H$2:$H$2536,H98,$I$2:$I$2536,I98,$J$2:$J$2536,J98,$K$2:$K$2536,K98,$L$2:$L$2536,L98,$M$2:$M$2536,M98) -> 1 | O98: =IF(Tabla_control[[#This Row],[Control_duplicados]]>1,"Duplicado","Unico") -> Unico | P98: =IF(OR(I98="",I98<0),"ERROR","OK") -> OK | Q98: =IF(H98>F98,"ERROR","OK") -> OK | R98: =IF(K98>H98,"ERROR","OK") -> OK
A99: 45854 | B99: Cmp-022 | C99: Paid Search | D99: Portugal | E99: Mobile | F99: 14125 | G99: 603 | H99: 7 | I99: 544.15 | J99: 785.17 | K99: 5 | L99: Adquisición | M99: Laura Pérez | N99: =COUNTIFS($A$2:$A$2536,A99,$B$2:$B$2536,B99,$C$2:$C$2536,C99,$D$2:$D$2536,D99,$E$2:$E$2536,E99,$F$2:$F$2536,F99,$G$2:$G$2536,G99,$H$2:$H$2536,H99,$I$2:$I$2536,I99,$J$2:$J$2536,J99,$K$2:$K$2536,K99,$L$2:$L$2536,L99,$M$2:$M$2536,M99) -> 1 | O99: =IF(Tabla_control[[#This Row],[Control_duplicados]]>1,"Duplicado","Unico") -> Unico | P99: =IF(OR(I99="",I99<0),"ERROR","OK") -> OK | Q99: =IF(H99>F99,"ERROR","OK") -> OK | R99: =IF(K99>H99,"ERROR","OK") -> OK
A100: 45930 | B100: Cmp-018 | C100: Paid Social | D100: España | E100: Desktop | F100: 4605 | G100: 133 | H100: 16 | I100: 71.82 | J100: 2255.32 | K100: 10 | L100: Conversión | M100: Luis Martín | N100: =COUNTIFS($A$2:$A$2536,A100,$B$2:$B$2536,B100,$C$2:$C$2536,C100,$D$2:$D$2536,D100,$E$2:$E$2536,E100,$F$2:$F$2536,F100,$G$2:$G$2536,G100,$H$2:$H$2536,H100,$I$2:$I$2536,I100,$J$2:$J$2536,J100,$K$2:$K$2536,K100,$L$2:$L$2536,L100,$M$2:$M$2536,M100) -> 1 | O100: =IF(Tabla_control[[#This Row],[Control_duplicados]]>1,"Duplicado","Unico") -> Unico | P100: =IF(OR(I100="",I100<0),"ERROR","OK") -> OK | Q100: =IF(H100>F100,"ERROR","OK") -> OK | R100: =IF(K100>H100,"ERROR","OK") -> OK
A101: 45922 | B101: Cmp-013 | C101: Affiliate | D101: España | E101: Mobile | F101: 110457 | G101: 2756 | H101: 71 | I101: 3572.7 | J101: 10415.2 | K101: 38 | L101: Reconocimiento | M101: Marta López | N101: =COUNTIFS($A$2:$A$2536,A101,$B$2:$B$2536,B101,$C$2:$C$2536,C101,$D$2:$D$2536,D101,$E$2:$E$2536,E101,$F$2:$F$2536,F101,$G$2:$G$2536,G101,$H$2:$H$2536,H101,$I$2:$I$2536,I101,$J$2:$J$2536,J101,$K$2:$K$2536,K101,$L$2:$L$2536,L101,$M$2:$M$2536,M101) -> 1 | O101: =IF(Tabla_control[[#This Row],[Control_duplicados]]>1,"Duplicado","Unico") -> Unico | P101: =IF(OR(I101="",I101<0),"ERROR","OK") -> OK | Q101: =IF(H101>F101,"ERROR","OK") -> OK | R101: =IF(K101>H101,"ERROR","OK") -> OK
A102: 46012 | B102: Cmp-009 | C102: Email | D102: Italia | E102: Desktop | F102: 9726 | G102: 296 | H102: 26 | I102: 102.51 | J102: 2620.52 | K102: 22 | L102: Reconocimiento | M102: Laura Pérez | N102: =COUNTIFS($A$2:$A$2536,A102,$B$2:$B$2536,B102,$C$2:$C$2536,C102,$D$2:$D$2536,D102,$E$2:$E$2536,E102,$F$2:$F$2536,F102,$G$2:$G$2536,G102,$H$2:$H$2536,H102,$I$2:$I$2536,I102,$J$2:$J$2536,J102,$K$2:$K$2536,K102,$L$2:$L$2536,L102,$M$2:$M$2536,M102) -> 1 | O102: =IF(Tabla_control[[#This Row],[Control_duplicados]]>1,"Duplicado","Unico") -> Unico | P102: =IF(OR(I102="",I102<0),"ERROR","OK") -> OK | Q102: =IF(H102>F102,"ERROR","OK") -> OK | R102: =IF(K102>H102,"ERROR","OK") -> OK
A103: 45672 | B103: Cmp-027 | C103: Display | D103: España | E103: Desktop | F103: 164689 | G103: 8202 | H103: 215 | I103: 17165.28 | J103: 9987.1 | K103: 156 | L103: Conversión | M103: Luis Martín | N103: =COUNTIFS($A$2:$A$2536,A103,$B$2:$B$2536,B103,$C$2:$C$2536,C103,$D$2:$D$2536,D103,$E$2:$E$2536,E103,$F$2:$F$2536,F103,$G$2:$G$2536,G103,$H$2:$H$2536,H103,$I$2:$I$2536,I103,$J$2:$J$2536,J103,$K$2:$K$2536,K103,$L$2:$L$2536,L103,$M$2:$M$2536,M103) -> 1 | O103: =IF(Tabla_control[[#This Row],[Control_duplicados]]>1,"Duplicado","Unico") -> Unico | P103: =IF(OR(I103="",I103<0),"ERROR","OK") -> OK | Q103: =IF(H103>F103,"ERROR","OK") -> OK | R103: =IF(K103>H103,"ERROR","OK") -> OK
A104: 45969 | B104: Cmp-011 | C104: Email | D104: Francia | E104: Desktop | F104: 24391 | G104: 1360 | H104: 179 | I104: 2162.02 | J104: 9403.73 | K104: 102 | L104: Conversión | M104: Carlos Ruiz | N104: =COUNTIFS($A$2:$A$2536,A104,$B$2:$B$2536,B104,$C$2:$C$2536,C104,$D$2:$D$2536,D104,$E$2:$E$2536,E104,$F$2:$F$2536,F104,$G$2:$G$2536,G104,$H$2:$H$2536,H104,$I$2:$I$2536,I104,$J$2:$J$2536,J104,$K$2:$K$2536,K104,$L$2:$L$2536,L104,$M$2:$M$2536,M104) -> 1 | O104: =IF(Tabla_control[[#This Row],[Control_duplicados]]>1,"Duplicado","Unico") -> Unico | P104: =IF(OR(I104="",I104<0),"ERROR","OK") -> OK | Q104: =IF(H104>F104,"ERROR","OK") -> OK | R104: =IF(K104>H104,"ERROR","OK") -> OK
A105: 46008 | B105: Cmp-009 | C105: Affiliate | D105: México | E105: Desktop | F105: 150402 | G105: 7857 | H105: 646 | I105: 8959.44 | J105: 13290.32 | K105: 314 | L105: Retención | M105: Luis Martín | N105: =COUNTIFS($A$2:$A$2536,A105,$B$2:$B$2536,B105,$C$2:$C$2536,C105,$D$2:$D$2536,D105,$E$2:$E$2536,E105,$F$2:$F$2536,F105,$G$2:$G$2536,G105,$H$2:$H$2536,H105,$I$2:$I$2536,I105,$J$2:$J$2536,J105,$K$2:$K$2536,K105,$L$2:$L$2536,L105,$M$2:$M$2536,M105) -> 1 | O105: =IF(Tabla_control[[#This Row],[Control_duplicados]]>1,"Duplicado","Unico") -> Unico | P105: =IF(OR(I105="",I105<0),"ERROR","OK") -> OK | Q105: =IF(H105>F105,"ERROR","OK") -> OK | R105: =IF(K105>H105,"ERROR","OK") -> OK
... A582: 45757 | B582: Cmp-018 | C582: Paid Search | D582: España | E582: Desktop | F582: 101859 | G582: 2279 | H582: 50 | I582: 2227.21 | J582: 2297.36 | K582: 40 | L582: Retención | M582: Luis Martín | N582: =COUNTIFS($A$2:$A$2536,A582,$B$2:$B$2536,B582,$C$2:$C$2536,C582,$D$2:$D$2536,D582,$E$2:$E$2536,E582,$F$2:$F$2536,F582,$G$2:$G$2536,G582,$H$2:$H$2536,H582,$I$2:$I$2536,I582,$J$2:$J$2536,J582,$K$2:$K$2536,K582,$L$2:$L$2536,L582,$M$2:$M$2536,M582) -> 1 | O582: =IF(Tabla_control[[#This Row],[Control_duplicados]]>1,"Duplicado","Unico") -> Unico | P582: =IF(OR(I582="",I582<0),"ERROR","OK") -> OK | Q582: =IF(H582>F582,"ERROR","OK") -> OK | R582: =IF(K582>H582,"ERROR","OK") -> OK
A583: 45819 | B583: Cmp-010 | C583: Paid Social | D583: Portugal | E583: Mobile | F583: 139582 | G583: 5208 | H583: 621 | J583: 125553.01 | K583: 514 | L583: Conversión | M583: Carlos Ruiz | N583: =COUNTIFS($A$2:$A$2536,A583,$B$2:$B$2536,B583,$C$2:$C$2536,C583,$D$2:$D$2536,D583,$E$2:$E$2536,E583,$F$2:$F$2536,F583,$G$2:$G$2536,G583,$H$2:$H$2536,H583,$I$2:$I$2536,I583,$J$2:$J$2536,J583,$K$2:$K$2536,K583,$L$2:$L$2536,L583,$M$2:$M$2536,M583) -> 0 | O583: =IF(Tabla_control[[#This Row],[Control_duplicados]]>1,"Duplicado","Unico") -> Unico | P583: =IF(OR(I583="",I583<0),"ERROR","OK") -> ERROR | Q583: =IF(H583>F583,"ERROR","OK") -> OK | R583: =IF(K583>H583,"ERROR","OK") -> OK
A584: 45751 | B584: Cmp-009 | C584: Display | D584: Portugal | E584: Mobile | F584: 37646 | G584: 2476 | H584: 217 | I584: 2164.78 | J584: 38992.74 | K584: 186 | L584: Adquisición | M584: Marta López | N584: =COUNTIFS($A$2:$A$2536,A584,$B$2:$B$2536,B584,$C$2:$C$2536,C584,$D$2:$D$2536,D584,$E$2:$E$2536,E584,$F$2:$F$2536,F584,$G$2:$G$2536,G584,$H$2:$H$2536,H584,$I$2:$I$2536,I584,$J$2:$J$2536,J584,$K$2:$K$2536,K584,$L$2:$L$2536,L584,$M$2:$M$2536,M584) -> 1 | O584: =IF(Tabla_control[[#This Row],[Control_duplicados]]>1,"Duplicado","Unico") -> Unico | P584: =IF(OR(I584="",I584<0),"ERROR","OK") -> OK | Q584: =IF(H584>F584,"ERROR","OK") -> OK | R584: =IF(K584>H584,"ERROR","OK") -> OK
A585: 45739 | B585: Cmp-010 | C585: Display | D585: España | E585: Mobile | F585: 160286 | G585: 13760 | H585: 1345 | I585: 14157.43 | J585: 75922.85 | K585: 627 | L585: Adquisición | M585: Marta López | N585: =COUNTIFS($A$2:$A$2536,A585,$B$2:$B$2536,B585,$C$2:$C$2536,C585,$D$2:$D$2536,D585,$E$2:$E$2536,E585,$F$2:$F$2536,F585,$G$2:$G$2536,G585,$H$2:$H$2536,H585,$I$2:$I$2536,I585,$J$2:$J$2536,J585,$K$2:$K$2536,K585,$L$2:$L$2536,L585,$M$2:$M$2536,M585) -> 1 | O585: =IF(Tabla_control[[#This Row],[Control_duplicados]]>1,"Duplicado","Unico") -> Unico | P585: =IF(OR(I585="",I585<0),"ERROR","OK") -> OK | Q585: =IF(H585>F585,"ERROR","OK") -> OK | R585: =IF(K585>H585,"ERROR","OK") -> OK
A586: 45949 | B586: Cmp-024 | C586: Display | D586: España | E586: Mobile | F586: 88940 | G586: 4498 | H586: 258 | I586: 7097.21 | J586: 33353.42 | K586: 218 | L586: Retención | M586: Laura Pérez | N586: =COUNTIFS($A$2:$A$2536,A586,$B$2:$B$2536,B586,$C$2:$C$2536,C586,$D$2:$D$2536,D586,$E$2:$E$2536,E586,$F$2:$F$2536,F586,$G$2:$G$2536,G586,$H$2:$H$2536,H586,$I$2:$I$2536,I586,$J$2:$J$2536,J586,$K$2:$K$2536,K586,$L$2:$L$2536,L586,$M$2:$M$2536,M586) -> 1 | O586: =IF(Tabla_control[[#This Row],[Control_duplicados]]>1,"Duplicado","Unico") -> Unico | P586: =IF(OR(I586="",I586<0),"ERROR","OK") -> OK | Q586: =IF(H586>F586,"ERROR","OK") -> OK | R586: =IF(K586>H586,"ERROR","OK") -> OK
A587: 45796 | B587: Cmp-027 | C587: Paid Search | D587: España | E587: Mobile | F587: 132798 | G587: 1396 | H587: 176 | I587: 2011.16 | J587: 22320.79 | K587: 109 | L587: Retención | M587: Ana García | N587: =COUNTIFS($A$2:$A$2536,A587,$B$2:$B$2536,B587,$C$2:$C$2536,C587,$D$2:$D$2536,D587,$E$2:$E$2536,E587,$F$2:$F$2536,F587,$G$2:$G$2536,G587,$H$2:$H$2536,H587,$I$2:$I$2536,I587,$J$2:$J$2536,J587,$K$2:$K$2536,K587,$L$2:$L$2536,L587,$M$2:$M$2536,M587) -> 1 | O587: =IF(Tabla_control[[#This Row],[Control_duplicados]]>1,"Duplicado","Unico") -> Unico | P587: =IF(OR(I587="",I587<0),"ERROR","OK") -> OK | Q587: =IF(H587>F587,"ERROR","OK") -> OK | R587: =IF(K587>H587,"ERROR","OK") -> OK
A588: 45958 | B588: Cmp-027 | C588: Email | D588: España | E588: Mobile | F588: 46715 | G588: 802 | H588: 25 | I588: 716.66 | J588: 381.22 | K588: 18 | L588: Reconocimiento | M588: Luis Martín | N588: =COUNTIFS($A$2:$A$2536,A588,$B$2:$B$2536,B588,$C$2:$C$2536,C588,$D$2:$D$2536,D588,$E$2:$E$2536,E588,$F$2:$F$2536,F588,$G$2:$G$2536,G588,$H$2:$H$2536,H588,$I$2:$I$2536,I588,$J$2:$J$2536,J588,$K$2:$K$2536,K588,$L$2:$L$2536,L588,$M$2:$M$2536,M588) -> 1 | O588: =IF(Tabla_control[[#This Row],[Control_duplicados]]>1,"Duplicado","Unico") -> Unico | P588: =IF(OR(I588="",I588<0),"ERROR","OK") -> OK | Q588: =IF(H588>F588,"ERROR","OK") -> OK | R588: =IF(K588>H588,"ERROR","OK") -> OK
A589: 45754 | B589: Cmp-028 | C589: Display | D589: España | E589: Mobile | F589: 133242 | G589: 7880 | H589: 805 | I589: 13300.4 | J589: 154240.23 | K589: 470 | L589: Conversión | M589: Carlos Ruiz | N589: =COUNTIFS($A$2:$A$2536,A589,$B$2:$B$2536,B589,$C$2:$C$2536,C589,$D$2:$D$2536,D589,$E$2:$E$2536,E589,$F$2:$F$2536,F589,$G$2:$G$2536,G589,$H$2:$H$2536,H589,$I$2:$I$2536,I589,$J$2:$J$2536,J589,$K$2:$K$2536,K589,$L$2:$L$2536,L589,$M$2:$M$2536,M589) -> 1 | O589: =IF(Tabla_control[[#This Row],[Control_duplicados]]>1,"Duplicado","Unico") -> Unico | P589: =IF(OR(I589="",I589<0),"ERROR","OK") -> OK | Q589: =IF(H589>F589,"ERROR","OK") -> OK | R589: =IF(K589>H589,"ERROR","OK") -> OK
A590: 45914 | B590: Cmp-011 | C590: Display | D590: España | E590: Mobile | F590: 27662 | G590: 605 | H590: 5 | I590: 925.64 | J590: 940.04 | K590: 4 | L590: Reconocimiento | M590: Laura Pérez | N590: =COUNTIFS($A$2:$A$2536,A590,$B$2:$B$2536,B590,$C$2:$C$2536,C590,$D$2:$D$2536,D590,$E$2:$E$2536,E590,$F$2:$F$2536,F590,$G$2:$G$2536,G590,$H$2:$H$2536,H590,$I$2:$I$2536,I590,$J$2:$J$2536,J590,$K$2:$K$2536,K590,$L$2:$L$2536,L590,$M$2:$M$2536,M590) -> 1 | O590: =IF(Tabla_control[[#This Row],[Control_duplicados]]>1,"Duplicado","Unico") -> Unico | P590: =IF(OR(I590="",I590<0),"ERROR","OK") -> OK | Q590: =IF(H590>F590,"ERROR","OK") -> OK | R590: =IF(K590>H590,"ERROR","OK") -> OK
A591: 45836 | B591: Cmp-008 | C591: Display | D591: Italia | E591: Mobile | F591: 47996 | G591: 1707 | H591: 63 | I591: 3263.03 | J591: 13852.21 | K591: 39 | L591: Retención | M591: Marta López | N591: =COUNTIFS($A$2:$A$2536,A591,$B$2:$B$2536,B591,$C$2:$C$2536,C591,$D$2:$D$2536,D591,$E$2:$E$2536,E591,$F$2:$F$2536,F591,$G$2:$G$2536,G591,$H$2:$H$2536,H591,$I$2:$I$2536,I591,$J$2:$J$2536,J591,$K$2:$K$2536,K591,$L$2:$L$2536,L591,$M$2:$M$2536,M591) -> 1 | O591: =IF(Tabla_control[[#This Row],[Control_duplicados]]>1,"Duplicado","Unico") -> Unico | P591: =IF(OR(I591="",I591<0),"ERROR","OK") -> OK | Q591: =IF(H591>F591,"ERROR","OK") -> OK | R591: =IF(K591>H591,"ERROR","OK") -> OK
A592: 45782 | B592: Cmp-012 | C592: Organic Social | D592: México | E592: Desktop | F592: 101857 | G592: 415 | H592: 52 | I592: 255.48 | J592: 5174.42 | K592: 46 | L592: Retención | M592: Laura Pérez | N592: =COUNTIFS($A$2:$A$2536,A592,$B$2:$B$2536,B592,$C$2:$C$2536,C592,$D$2:$D$2536,D592,$E$2:$E$2536,E592,$F$2:$F$2536,F592,$G$2:$G$2536,G592,$H$2:$H$2536,H592,$I$2:$I$2536,I592,$J$2:$J$2536,J592,$K$2:$K$2536,K592,$L$2:$L$2536,L592,$M$2:$M$2536,M592) -> 1 | O592: =IF(Tabla_control[[#This Row],[Control_duplicados]]>1,"Duplicado","Unico") -> Unico | P592: =IF(OR(I592="",I592<0),"ERROR","OK") -> OK | Q592: =IF(H592>F592,"ERROR","OK") -> OK | R592: =IF(K592>H592,"ERROR","OK") -> OK
A593: 45725 | B593: Cmp-013 | C593: Organic Social | D593: Francia | E593: Mobile | F593: 30438 | G593: 2569 | H593: 130 | I593: 4263.61 | J593: 23248.11 | K593: 71 | L593: Adquisición | M593: Marta López | N593: =COUNTIFS($A$2:$A$2536,A593,$B$2:$B$2536,B593,$C$2:$C$2536,C593,$D$2:$D$2536,D593,$E$2:$E$2536,E593,$F$2:$F$2536,F593,$G$2:$G$2536,G593,$H$2:$H$2536,H593,$I$2:$I$2536,I593,$J$2:$J$2536,J593,$K$2:$K$2536,K593,$L$2:$L$2536,L593,$M$2:$M$2536,M593) -> 1 | O593: =IF(Tabla_control[[#This Row],[Control_duplicados]]>1,"Duplicado","Unico") -> Unico | P593: =IF(OR(I593="",I593<0),"ERROR","OK") -> OK | Q593: =IF(H593>F593,"ERROR","OK") -> OK | R593: =IF(K593>H593,"ERROR","OK") -> OK
A594: 45974 | B594: Cmp-027 | C594: Organic Social | D594: México | E594: Tablet | F594: 91079 | G594: 6977 | H594: 920 | I594: 9778.34 | J594: 180286.24 | K594: 681 | L594: Conversión | M594: Luis Martín | N594: =COUNTIFS($A$2:$A$2536,A594,$B$2:$B$2536,B594,$C$2:$C$2536,C594,$D$2:$D$2536,D594,$E$2:$E$2536,E594,$F$2:$F$2536,F594,$G$2:$G$2536,G594,$H$2:$H$2536,H594,$I$2:$I$2536,I594,$J$2:$J$2536,J594,$K$2:$K$2536,K594,$L$2:$L$2536,L594,$M$2:$M$2536,M594) -> 1 | O594: =IF(Tabla_control[[#This Row],[Control_duplicados]]>1,"Duplicado","Unico") -> Unico | P594: =IF(OR(I594="",I594<0),"ERROR","OK") -> OK | Q594: =IF(H594>F594,"ERROR","OK") -> OK | R594: =IF(K594>H594,"ERROR","OK") -> OK
A595: 45943 | B595: Cmp-013 | C595: Affiliate | D595: México | E595: Desktop | F595: 129946 | G595: 10277 | H595: 394 | I595: 10676.43 | J595: 7471.04 | K595: 177 | L595: Retención | M595: Luis Martín | N595: =COUNTIFS($A$2:$A$2536,A595,$B$2:$B$2536,B595,$C$2:$C$2536,C595,$D$2:$D$2536,D595,$E$2:$E$2536,E595,$F$2:$F$2536,F595,$G$2:$G$2536,G595,$H$2:$H$2536,H595,$I$2:$I$2536,I595,$J$2:$J$2536,J595,$K$2:$K$2536,K595,$L$2:$L$2536,L595,$M$2:$M$2536,M595) -> 1 | O595: =IF(Tabla_control[[#This Row],[Control_duplicados]]>1,"Duplicado","Unico") -> Unico | P595: =IF(OR(I595="",I595<0),"ERROR","OK") -> OK | Q595: =IF(H595>F595,"ERROR","OK") -> OK | R595: =IF(K595>H595,"ERROR","OK") -> OK
... A1393: 45865 | B1393: Cmp-027 | C1393: Paid Social | D1393: México | E1393: Desktop | F1393: 90775 | G1393: 1355 | H1393: 40 | I1393: 2626.64 | J1393: 1207.93 | K1393: 21 | L1393: Reconocimiento | M1393: Laura Pérez | N1393: =COUNTIFS($A$2:$A$2536,A1393,$B$2:$B$2536,B1393,$C$2:$C$2536,C1393,$D$2:$D$2536,D1393,$E$2:$E$2536,E1393,$F$2:$F$2536,F1393,$G$2:$G$2536,G1393,$H$2:$H$2536,H1393,$I$2:$I$2536,I1393,$J$2:$J$2536,J1393,$K$2:$K$2536,K1393,$L$2:$L$2536,L1393,$M$2:$M$2536,M1393) -> 1 | O1393: =IF(Tabla_control[[#This Row],[Control_duplicados]]>1,"Duplicado","Unico") -> Unico | P1393: =IF(OR(I1393="",I1393<0),"ERROR","OK") -> OK | Q1393: =IF(H1393>F1393,"ERROR","OK") -> OK | R1393: =IF(K1393>H1393,"ERROR","OK") -> OK
A1394: 45901 | B1394: Cmp-023 | C1394: Display | D1394: España | E1394: Tablet | F1394: 1107 | G1394: 44 | H1394: 3 | J1394: 525.47 | K1394: 1 | L1394: Reconocimiento | M1394: Laura Pérez | N1394: =COUNTIFS($A$2:$A$2536,A1394,$B$2:$B$2536,B1394,$C$2:$C$2536,C1394,$D$2:$D$2536,D1394,$E$2:$E$2536,E1394,$F$2:$F$2536,F1394,$G$2:$G$2536,G1394,$H$2:$H$2536,H1394,$I$2:$I$2536,I1394,$J$2:$J$2536,J1394,$K$2:$K$2536,K1394,$L$2:$L$2536,L1394,$M$2:$M$2536,M1394) -> 0 | O1394: =IF(Tabla_control[[#This Row],[Control_duplicados]]>1,"Duplicado","Unico") -> Unico | P1394: =IF(OR(I1394="",I1394<0),"ERROR","OK") -> ERROR | Q1394: =IF(H1394>F1394,"ERROR","OK") -> OK | R1394: =IF(K1394>H1394,"ERROR","OK") -> OK
A1395: 45789 | B1395: Cmp-028 | C1395: Email | D1395: España | E1395: Desktop | F1395: 90241 | G1395: 5367 | H1395: 697 | I1395: 11216.52 | J1395: 53170.72 | K1395: 616 | L1395: Adquisición | M1395: Laura Pérez | N1395: =COUNTIFS($A$2:$A$2536,A1395,$B$2:$B$2536,B1395,$C$2:$C$2536,C1395,$D$2:$D$2536,D1395,$E$2:$E$2536,E1395,$F$2:$F$2536,F1395,$G$2:$G$2536,G1395,$H$2:$H$2536,H1395,$I$2:$I$2536,I1395,$J$2:$J$2536,J1395,$K$2:$K$2536,K1395,$L$2:$L$2536,L1395,$M$2:$M$2536,M1395) -> 1 | O1395: =IF(Tabla_control[[#This Row],[Control_duplicados]]>1,"Duplicado","Unico") -> Unico | P1395: =IF(OR(I1395="",I1395<0),"ERROR","OK") -> OK | Q1395: =IF(H1395>F1395,"ERROR","OK") -> OK | R1395: =IF(K1395>H1395,"ERROR","OK") -> OK
A1396: 45697 | B1396: Cmp-011 | C1396: Email | D1396: Portugal | E1396: Desktop | F1396: 20365 | G1396: 1124 | H1396: 96 | I1396: 256.46 | J1396: 9825.47 | K1396: 50 | L1396: Conversión | M1396: Marta López | N1396: =COUNTIFS($A$2:$A$2536,A1396,$B$2:$B$2536,B1396,$C$2:$C$2536,C1396,$D$2:$D$2536,D1396,$E$2:$E$2536,E1396,$F$2:$F$2536,F1396,$G$2:$G$2536,G1396,$H$2:$H$2536,H1396,$I$2:$I$2536,I1396,$J$2:$J$2536,J1396,$K$2:$K$2536,K1396,$L$2:$L$2536,L1396,$M$2:$M$2536,M1396) -> 1 | O1396: =IF(Tabla_control[[#This Row],[Control_duplicados]]>1,"Duplicado","Unico") -> Unico | P1396: =IF(OR(I1396="",I1396<0),"ERROR","OK") -> OK | Q1396: =IF(H1396>F1396,"ERROR","OK") -> OK | R1396: =IF(K1396>H1396,"ERROR","OK") -> OK
A1397: 45677 | B1397: Cmp-019 | C1397: Paid Search | D1397: México | E1397: Desktop | F1397: 121456 | G1397: 2581 | H1397: 197 | I1397: 4160.52 | J1397: 43205.44 | K1397: 166 | L1397: Conversión | M1397: Carlos Ruiz | N1397: =COUNTIFS($A$2:$A$2536,A1397,$B$2:$B$2536,B1397,$C$2:$C$2536,C1397,$D$2:$D$2536,D1397,$E$2:$E$2536,E1397,$F$2:$F$2536,F1397,$G$2:$G$2536,G1397,$H$2:$H$2536,H1397,$I$2:$I$2536,I1397,$J$2:$J$2536,J1397,$K$2:$K$2536,K1397,$L$2:$L$2536,L1397,$M$2:$M$2536,M1397) -> 1 | O1397: =IF(Tabla_control[[#This Row],[Control_duplicados]]>1,"Duplicado","Unico") -> Unico | P1397: =IF(OR(I1397="",I1397<0),"ERROR","OK") -> OK | Q1397: =IF(H1397>F1397,"ERROR","OK") -> OK | R1397: =IF(K1397>H1397,"ERROR","OK") -> OK
A1398: 45771 | B1398: Cmp-005 | C1398: Display | D1398: España | E1398: Mobile | F1398: 98915 | G1398: 3255 | H1398: 185 | I1398: 1878.5 | J1398: 38992.94 | K1398: 155 | L1398: Reconocimiento | M1398: Ana García | N1398: =COUNTIFS($A$2:$A$2536,A1398,$B$2:$B$2536,B1398,$C$2:$C$2536,C1398,$D$2:$D$2536,D1398,$E$2:$E$2536,E1398,$F$2:$F$2536,F1398,$G$2:$G$2536,G1398,$H$2:$H$2536,H1398,$I$2:$I$2536,I1398,$J$2:$J$2536,J1398,$K$2:$K$2536,K1398,$L$2:$L$2536,L1398,$M$2:$M$2536,M1398) -> 1 | O1398: =IF(Tabla_control[[#This Row],[Control_duplicados]]>1,"Duplicado","Unico") -> Unico | P1398: =IF(OR(I1398="",I1398<0),"ERROR","OK") -> OK | Q1398: =IF(H1398>F1398,"ERROR","OK") -> OK | R1398: =IF(K1398>H1398,"ERROR","OK") -> OK
A1399: 45857 | B1399: Cmp-026 | C1399: Organic Social | D1399: México | E1399: Mobile | F1399: 167922 | G1399: 10840 | H1399: 1053 | I1399: 10855.87 | J1399: 156224.57 | K1399: 528 | L1399: Conversión | M1399: Ana García | N1399: =COUNTIFS($A$2:$A$2536,A1399,$B$2:$B$2536,B1399,$C$2:$C$2536,C1399,$D$2:$D$2536,D1399,$E$2:$E$2536,E1399,$F$2:$F$2536,F1399,$G$2:$G$2536,G1399,$H$2:$H$2536,H1399,$I$2:$I$2536,I1399,$J$2:$J$2536,J1399,$K$2:$K$2536,K1399,$L$2:$L$2536,L1399,$M$2:$M$2536,M1399) -> 1 | O1399: =IF(Tabla_control[[#This Row],[Control_duplicados]]>1,"Duplicado","Unico") -> Unico | P1399: =IF(OR(I1399="",I1399<0),"ERROR","OK") -> OK | Q1399: =IF(H1399>F1399,"ERROR","OK") -> OK | R1399: =IF(K1399>H1399,"ERROR","OK") -> OK
A1400: 45714 | B1400: Cmp-002 | C1400: Display | D1400: España | E1400: Mobile | F1400: 147670 | G1400: 11109 | H1400: 293 | I1400: 12040.77 | J1400: 5299.35 | K1400: 151 | L1400: Adquisición | M1400: Luis Martín | N1400: =COUNTIFS($A$2:$A$2536,A1400,$B$2:$B$2536,B1400,$C$2:$C$2536,C1400,$D$2:$D$2536,D1400,$E$2:$E$2536,E1400,$F$2:$F$2536,F1400,$G$2:$G$2536,G1400,$H$2:$H$2536,H1400,$I$2:$I$2536,I1400,$J$2:$J$2536,J1400,$K$2:$K$2536,K1400,$L$2:$L$2536,L1400,$M$2:$M$2536,M1400) -> 1 | O1400: =IF(Tabla_control[[#This Row],[Control_duplicados]]>1,"Duplicado","Unico") -> Unico | P1400: =IF(OR(I1400="",I1400<0),"ERROR","OK") -> OK | Q1400: =IF(H1400>F1400,"ERROR","OK") -> OK | R1400: =IF(K1400>H1400,"ERROR","OK") -> OK
A1401: 45752 | B1401: Cmp-016 | C1401: Email | D1401: España | E1401: Desktop | F1401: 70321 | G1401: 4372 | H1401: 359 | I1401: 467.89 | J1401: 66108.6 | K1401: 180 | L1401: Conversión | M1401: Carlos Ruiz | N1401: =COUNTIFS($A$2:$A$2536,A1401,$B$2:$B$2536,B1401,$C$2:$C$2536,C1401,$D$2:$D$2536,D1401,$E$2:$E$2536,E1401,$F$2:$F$2536,F1401,$G$2:$G$2536,G1401,$H$2:$H$2536,H1401,$I$2:$I$2536,I1401,$J$2:$J$2536,J1401,$K$2:$K$2536,K1401,$L$2:$L$2536,L1401,$M$2:$M$2536,M1401) -> 1 | O1401: =IF(Tabla_control[[#This Row],[Control_duplicados]]>1,"Duplicado","Unico") -> Unico | P1401: =IF(OR(I1401="",I1401<0),"ERROR","OK") -> OK | Q1401: =IF(H1401>F1401,"ERROR","OK") -> OK | R1401: =IF(K1401>H1401,"ERROR","OK") -> OK
A1402: 45695 | B1402: Cmp-027 | C1402: Email | D1402: Francia | E1402: Desktop | F1402: 113620 | G1402: 4875 | H1402: 268 | I1402: 6289.02 | J1402: 12077.01 | K1402: 189 | L1402: Reconocimiento | M1402: Laura Pérez | N1402: =COUNTIFS($A$2:$A$2536,A1402,$B$2:$B$2536,B1402,$C$2:$C$2536,C1402,$D$2:$D$2536,D1402,$E$2:$E$2536,E1402,$F$2:$F$2536,F1402,$G$2:$G$2536,G1402,$H$2:$H$2536,H1402,$I$2:$I$2536,I1402,$J$2:$J$2536,J1402,$K$2:$K$2536,K1402,$L$2:$L$2536,L1402,$M$2:$M$2536,M1402) -> 1 | O1402: =IF(Tabla_control[[#This Row],[Control_duplicados]]>1,"Duplicado","Unico") -> Unico | P1402: =IF(OR(I1402="",I1402<0),"ERROR","OK") -> OK | Q1402: =IF(H1402>F1402,"ERROR","OK") -> OK | R1402: =IF(K1402>H1402,"ERROR","OK") -> OK
A1403: 45875 | B1403: Cmp-011 | C1403: Paid Social | D1403: España | E1403: Mobile | F1403: 29752 | G1403: 1450 | H1403: 45 | I1403: 384.26 | J1403: 9049.51 | K1403: 31 | L1403: Retención | M1403: Ana García | N1403: =COUNTIFS($A$2:$A$2536,A1403,$B$2:$B$2536,B1403,$C$2:$C$2536,C1403,$D$2:$D$2536,D1403,$E$2:$E$2536,E1403,$F$2:$F$2536,F1403,$G$2:$G$2536,G1403,$H$2:$H$2536,H1403,$I$2:$I$2536,I1403,$J$2:$J$2536,J1403,$K$2:$K$2536,K1403,$L$2:$L$2536,L1403,$M$2:$M$2536,M1403) -> 1 | O1403: =IF(Tabla_control[[#This Row],[Control_duplicados]]>1,"Duplicado","Unico") -> Unico | P1403: =IF(OR(I1403="",I1403<0),"ERROR","OK") -> OK | Q1403: =IF(H1403>F1403,"ERROR","OK") -> OK | R1403: =IF(K1403>H1403,"ERROR","OK") -> OK
A1404: 45904 | B1404: Cmp-018 | C1404: Organic Social | D1404: España | E1404: Desktop | F1404: 8125 | G1404: 352 | H1404: 27 | I1404: 639.34 | J1404: 906.81 | K1404: 24 | L1404: Retención | M1404: Marta López | N1404: =COUNTIFS($A$2:$A$2536,A1404,$B$2:$B$2536,B1404,$C$2:$C$2536,C1404,$D$2:$D$2536,D1404,$E$2:$E$2536,E1404,$F$2:$F$2536,F1404,$G$2:$G$2536,G1404,$H$2:$H$2536,H1404,$I$2:$I$2536,I1404,$J$2:$J$2536,J1404,$K$2:$K$2536,K1404,$L$2:$L$2536,L1404,$M$2:$M$2536,M1404) -> 1 | O1404: =IF(Tabla_control[[#This Row],[Control_duplicados]]>1,"Duplicado","Unico") -> Unico | P1404: =IF(OR(I1404="",I1404<0),"ERROR","OK") -> OK | Q1404: =IF(H1404>F1404,"ERROR","OK") -> OK | R1404: =IF(K1404>H1404,"ERROR","OK") -> OK
A1405: 45812 | B1405: Cmp-010 | C1405: Paid Search | D1405: España | E1405: Mobile | F1405: 88571 | G1405: 4924 | H1405: 543 | I1405: 1933.38 | J1405: 58873.8 | K1405: 440 | L1405: Reconocimiento | M1405: Marta López | N1405: =COUNTIFS($A$2:$A$2536,A1405,$B$2:$B$2536,B1405,$C$2:$C$2536,C1405,$D$2:$D$2536,D1405,$E$2:$E$2536,E1405,$F$2:$F$2536,F1405,$G$2:$G$2536,G1405,$H$2:$H$2536,H1405,$I$2:$I$2536,I1405,$J$2:$J$2536,J1405,$K$2:$K$2536,K1405,$L$2:$L$2536,L1405,$M$2:$M$2536,M1405) -> 1 | O1405: =IF(Tabla_control[[#This Row],[Control_duplicados]]>1,"Duplicado","Unico") -> Unico | P1405: =IF(OR(I1405="",I1405<0),"ERROR","OK") -> OK | Q1405: =IF(H1405>F1405,"ERROR","OK") -> OK | R1405: =IF(K1405>H1405,"ERROR","OK") -> OK
A1406: 45740 | B1406: Cmp-030 | C1406: Organic Social | D1406: España | E1406: Tablet | F1406: 8105 | G1406: 123 | H1406: 14 | I1406: 111.25 | J1406: 1557.09 | K1406: 11 | L1406: Reconocimiento | M1406: Carlos Ruiz | N1406: =COUNTIFS($A$2:$A$2536,A1406,$B$2:$B$2536,B1406,$C$2:$C$2536,C1406,$D$2:$D$2536,D1406,$E$2:$E$2536,E1406,$F$2:$F$2536,F1406,$G$2:$G$2536,G1406,$H$2:$H$2536,H1406,$I$2:$I$2536,I1406,$J$2:$J$2536,J1406,$K$2:$K$2536,K1406,$L$2:$L$2536,L1406,$M$2:$M$2536,M1406) -> 1 | O1406: =IF(Tabla_control[[#This Row],[Control_duplicados]]>1,"Duplicado","Unico") -> Unico | P1406: =IF(OR(I1406="",I1406<0),"ERROR","OK") -> OK | Q1406: =IF(H1406>F1406,"ERROR","OK") -> OK | R1406: =IF(K1406>H1406,"ERROR","OK") -> OK
... A1808: 45685 | B1808: Cmp-008 | C1808: Email | D1808: Francia | E1808: Tablet | F1808: 79615 | G1808: 5249 | H1808: 215 | I1808: 2127.01 | J1808: 15654.98 | K1808: 146 | L1808: Conversión | M1808: Ana García | N1808: =COUNTIFS($A$2:$A$2536,A1808,$B$2:$B$2536,B1808,$C$2:$C$2536,C1808,$D$2:$D$2536,D1808,$E$2:$E$2536,E1808,$F$2:$F$2536,F1808,$G$2:$G$2536,G1808,$H$2:$H$2536,H1808,$I$2:$I$2536,I1808,$J$2:$J$2536,J1808,$K$2:$K$2536,K1808,$L$2:$L$2536,L1808,$M$2:$M$2536,M1808) -> 1 | O1808: =IF(Tabla_control[[#This Row],[Control_duplicados]]>1,"Duplicado","Unico") -> Unico | P1808: =IF(OR(I1808="",I1808<0),"ERROR","OK") -> OK | Q1808: =IF(H1808>F1808,"ERROR","OK") -> OK | R1808: =IF(K1808>H1808,"ERROR","OK") -> OK
A1809: 45734 | B1809: Cmp-013 | C1809: Email | D1809: España | E1809: Desktop | F1809: 21547 | G1809: 363 | H1809: 18 | J1809: 1251.14 | K1809: 10 | L1809: Reconocimiento | M1809: Laura Pérez | N1809: =COUNTIFS($A$2:$A$2536,A1809,$B$2:$B$2536,B1809,$C$2:$C$2536,C1809,$D$2:$D$2536,D1809,$E$2:$E$2536,E1809,$F$2:$F$2536,F1809,$G$2:$G$2536,G1809,$H$2:$H$2536,H1809,$I$2:$I$2536,I1809,$J$2:$J$2536,J1809,$K$2:$K$2536,K1809,$L$2:$L$2536,L1809,$M$2:$M$2536,M1809) -> 0 | O1809: =IF(Tabla_control[[#This Row],[Control_duplicados]]>1,"Duplicado","Unico") -> Unico | P1809: =IF(OR(I1809="",I1809<0),"ERROR","OK") -> ERROR | Q1809: =IF(H1809>F1809,"ERROR","OK") -> OK | R1809: =IF(K1809>H1809,"ERROR","OK") -> OK
A1810: 45839 | B1810: Cmp-024 | C1810: Paid Search | D1810: España | E1810: Mobile | F1810: 17910 | G1810: 250 | H1810: 2 | I1810: 202.26 | J1810: 237.55 | K1810: 1 | L1810: Conversión | M1810: Marta López | N1810: =COUNTIFS($A$2:$A$2536,A1810,$B$2:$B$2536,B1810,$C$2:$C$2536,C1810,$D$2:$D$2536,D1810,$E$2:$E$2536,E1810,$F$2:$F$2536,F1810,$G$2:$G$2536,G1810,$H$2:$H$2536,H1810,$I$2:$I$2536,I1810,$J$2:$J$2536,J1810,$K$2:$K$2536,K1810,$L$2:$L$2536,L1810,$M$2:$M$2536,M1810) -> 1 | O1810: =IF(Tabla_control[[#This Row],[Control_duplicados]]>1,"Duplicado","Unico") -> Unico | P1810: =IF(OR(I1810="",I1810<0),"ERROR","OK") -> OK | Q1810: =IF(H1810>F1810,"ERROR","OK") -> OK | R1810: =IF(K1810>H1810,"ERROR","OK") -> OK
A1811: 45710 | B1811: Cmp-027 | C1811: Affiliate | D1811: Portugal | E1811: Mobile | F1811: 24544 | G1811: 934 | H1811: 76 | I1811: 1307.15 | J1811: 9350.6 | K1811: 66 | L1811: Retención | M1811: Luis Martín | N1811: =COUNTIFS($A$2:$A$2536,A1811,$B$2:$B$2536,B1811,$C$2:$C$2536,C1811,$D$2:$D$2536,D1811,$E$2:$E$2536,E1811,$F$2:$F$2536,F1811,$G$2:$G$2536,G1811,$H$2:$H$2536,H1811,$I$2:$I$2536,I1811,$J$2:$J$2536,J1811,$K$2:$K$2536,K1811,$L$2:$L$2536,L1811,$M$2:$M$2536,M1811) -> 1 | O1811: =IF(Tabla_control[[#This Row],[Control_duplicados]]>1,"Duplicado","Unico") -> Unico | P1811: =IF(OR(I1811="",I1811<0),"ERROR","OK") -> OK | Q1811: =IF(H1811>F1811,"ERROR","OK") -> OK | R1811: =IF(K1811>H1811,"ERROR","OK") -> OK
A1812: 46008 | B1812: Cmp-029 | C1812: Display | D1812: Francia | E1812: Mobile | F1812: 126646 | G1812: 8908 | H1812: 191 | I1812: 5105.77 | J1812: 17217.29 | K1812: 142 | L1812: Adquisición | M1812: Laura Pérez | N1812: =COUNTIFS($A$2:$A$2536,A1812,$B$2:$B$2536,B1812,$C$2:$C$2536,C1812,$D$2:$D$2536,D1812,$E$2:$E$2536,E1812,$F$2:$F$2536,F1812,$G$2:$G$2536,G1812,$H$2:$H$2536,H1812,$I$2:$I$2536,I1812,$J$2:$J$2536,J1812,$K$2:$K$2536,K1812,$L$2:$L$2536,L1812,$M$2:$M$2536,M1812) -> 1 | O1812: =IF(Tabla_control[[#This Row],[Control_duplicados]]>1,"Duplicado","Unico") -> Unico | P1812: =IF(OR(I1812="",I1812<0),"ERROR","OK") -> OK | Q1812: =IF(H1812>F1812,"ERROR","OK") -> OK | R1812: =IF(K1812>H1812,"ERROR","OK") -> OK
A1813: 45833 | B1813: Cmp-005 | C1813: Email | D1813: España | E1813: Desktop | F1813: 28619 | G1813: 2304 | H1813: 153 | I1813: 4577.62 | J1813: 8727.06 | K1813: 112 | L1813: Adquisición | M1813: Laura Pérez | N1813: =COUNTIFS($A$2:$A$2536,A1813,$B$2:$B$2536,B1813,$C$2:$C$2536,C1813,$D$2:$D$2536,D1813,$E$2:$E$2536,E1813,$F$2:$F$2536,F1813,$G$2:$G$2536,G1813,$H$2:$H$2536,H1813,$I$2:$I$2536,I1813,$J$2:$J$2536,J1813,$K$2:$K$2536,K1813,$L$2:$L$2536,L1813,$M$2:$M$2536,M1813) -> 1 | O1813: =IF(Tabla_control[[#This Row],[Control_duplicados]]>1,"Duplicado","Unico") -> Unico | P1813: =IF(OR(I1813="",I1813<0),"ERROR","OK") -> OK | Q1813: =IF(H1813>F1813,"ERROR","OK") -> OK | R1813: =IF(K1813>H1813,"ERROR","OK") -> OK
A1814: 45983 | B1814: Cmp-007 | C1814: Display | D1814: Italia | E1814: Mobile | F1814: 126780 | G1814: 9423 | H1814: 794 | I1814: 14223.2 | J1814: 135883.66 | K1814: 611 | L1814: Adquisición | M1814: Carlos Ruiz | N1814: =COUNTIFS($A$2:$A$2536,A1814,$B$2:$B$2536,B1814,$C$2:$C$2536,C1814,$D$2:$D$2536,D1814,$E$2:$E$2536,E1814,$F$2:$F$2536,F1814,$G$2:$G$2536,G1814,$H$2:$H$2536,H1814,$I$2:$I$2536,I1814,$J$2:$J$2536,J1814,$K$2:$K$2536,K1814,$L$2:$L$2536,L1814,$M$2:$M$2536,M1814) -> 1 | O1814: =IF(Tabla_control[[#This Row],[Control_duplicados]]>1,"Duplicado","Unico") -> Unico | P1814: =IF(OR(I1814="",I1814<0),"ERROR","OK") -> OK | Q1814: =IF(H1814>F1814,"ERROR","OK") -> OK | R1814: =IF(K1814>H1814,"ERROR","OK") -> OK
A1815: 45877 | B1815: Cmp-023 | C1815: Paid Search | D1815: España | E1815: Desktop | F1815: 70764 | G1815: 2336 | H1815: 228 | I1815: 942.98 | J1815: 41745.86 | K1815: 116 | L1815: Conversión | M1815: Carlos Ruiz | N1815: =COUNTIFS($A$2:$A$2536,A1815,$B$2:$B$2536,B1815,$C$2:$C$2536,C1815,$D$2:$D$2536,D1815,$E$2:$E$2536,E1815,$F$2:$F$2536,F1815,$G$2:$G$2536,G1815,$H$2:$H$2536,H1815,$I$2:$I$2536,I1815,$J$2:$J$2536,J1815,$K$2:$K$2536,K1815,$L$2:$L$2536,L1815,$M$2:$M$2536,M1815) -> 1 | O1815: =IF(Tabla_control[[#This Row],[Control_duplicados]]>1,"Duplicado","Unico") -> Unico | P1815: =IF(OR(I1815="",I1815<0),"ERROR","OK") -> OK | Q1815: =IF(H1815>F1815,"ERROR","OK") -> OK | R1815: =IF(K1815>H1815,"ERROR","OK") -> OK
A1816: 45944 | B1816: Cmp-030 | C1816: Paid Social | D1816: España | E1816: Desktop | F1816: 118667 | G1816: 4655 | H1816: 231 | I1816: 4241.11 | J1816: 44804.83 | K1816: 205 | L1816: Adquisición | M1816: Marta López | N1816: =COUNTIFS($A$2:$A$2536,A1816,$B$2:$B$2536,B1816,$C$2:$C$2536,C1816,$D$2:$D$2536,D1816,$E$2:$E$2536,E1816,$F$2:$F$2536,F1816,$G$2:$G$2536,G1816,$H$2:$H$2536,H1816,$I$2:$I$2536,I1816,$J$2:$J$2536,J1816,$K$2:$K$2536,K1816,$L$2:$L$2536,L1816,$M$2:$M$2536,M1816) -> 1 | O1816: =IF(Tabla_control[[#This Row],[Control_duplicados]]>1,"Duplicado","Unico") -> Unico | P1816: =IF(OR(I1816="",I1816<0),"ERROR","OK") -> OK | Q1816: =IF(H1816>F1816,"ERROR","OK") -> OK | R1816: =IF(K1816>H1816,"ERROR","OK") -> OK
A1817: 45763 | B1817: Cmp-024 | C1817: Organic Social | D1817: Italia | E1817: Mobile | F1817: 48889 | G1817: 2667 | H1817: 56 | I1817: 374.14 | J1817: 9864.67 | K1817: 47 | L1817: Retención | M1817: Laura Pérez | N1817: =COUNTIFS($A$2:$A$2536,A1817,$B$2:$B$2536,B1817,$C$2:$C$2536,C1817,$D$2:$D$2536,D1817,$E$2:$E$2536,E1817,$F$2:$F$2536,F1817,$G$2:$G$2536,G1817,$H$2:$H$2536,H1817,$I$2:$I$2536,I1817,$J$2:$J$2536,J1817,$K$2:$K$2536,K1817,$L$2:$L$2536,L1817,$M$2:$M$2536,M1817) -> 1 | O1817: =IF(Tabla_control[[#This Row],[Control_duplicados]]>1,"Duplicado","Unico") -> Unico | P1817: =IF(OR(I1817="",I1817<0),"ERROR","OK") -> OK | Q1817: =IF(H1817>F1817,"ERROR","OK") -> OK | R1817: =IF(K1817>H1817,"ERROR","OK") -> OK
A1818: 46020 | B1818: Cmp-028 | C1818: Paid Search | D1818: Portugal | E1818: Desktop | F1818: 115130 | G1818: 7384 | H1818: 372 | I1818: 6867.44 | J1818: 63344.39 | K1818: 231 | L1818: Adquisición | M1818: Ana García | N1818: =COUNTIFS($A$2:$A$2536,A1818,$B$2:$B$2536,B1818,$C$2:$C$2536,C1818,$D$2:$D$2536,D1818,$E$2:$E$2536,E1818,$F$2:$F$2536,F1818,$G$2:$G$2536,G1818,$H$2:$H$2536,H1818,$I$2:$I$2536,I1818,$J$2:$J$2536,J1818,$K$2:$K$2536,K1818,$L$2:$L$2536,L1818,$M$2:$M$2536,M1818) -> 1 | O1818: =IF(Tabla_control[[#This Row],[Control_duplicados]]>1,"Duplicado","Unico") -> Unico | P1818: =IF(OR(I1818="",I1818<0),"ERROR","OK") -> OK | Q1818: =IF(H1818>F1818,"ERROR","OK") -> OK | R1818: =IF(K1818>H1818,"ERROR","OK") -> OK
A1819: 45811 | B1819: Cmp-009 | C1819: Display | D1819: España | E1819: Mobile | F1819: 41080 | G1819: 2746 | H1819: 19 | I1819: 5692.78 | J1819: 392.69 | K1819: 9 | L1819: Reconocimiento | M1819: Ana García | N1819: =COUNTIFS($A$2:$A$2536,A1819,$B$2:$B$2536,B1819,$C$2:$C$2536,C1819,$D$2:$D$2536,D1819,$E$2:$E$2536,E1819,$F$2:$F$2536,F1819,$G$2:$G$2536,G1819,$H$2:$H$2536,H1819,$I$2:$I$2536,I1819,$J$2:$J$2536,J1819,$K$2:$K$2536,K1819,$L$2:$L$2536,L1819,$M$2:$M$2536,M1819) -> 1 | O1819: =IF(Tabla_control[[#This Row],[Control_duplicados]]>1,"Duplicado","Unico") -> Unico | P1819: =IF(OR(I1819="",I1819<0),"ERROR","OK") -> OK | Q1819: =IF(H1819>F1819,"ERROR","OK") -> OK | R1819: =IF(K1819>H1819,"ERROR","OK") -> OK
A1820: 45727 | B1820: Cmp-004 | C1820: Display | D1820: Francia | E1820: Desktop | F1820: 165228 | G1820: 6505 | H1820: 508 | I1820: 9112.89 | J1820: 110448.03 | K1820: 311 | L1820: Reconocimiento | M1820: Luis Martín | N1820: =COUNTIFS($A$2:$A$2536,A1820,$B$2:$B$2536,B1820,$C$2:$C$2536,C1820,$D$2:$D$2536,D1820,$E$2:$E$2536,E1820,$F$2:$F$2536,F1820,$G$2:$G$2536,G1820,$H$2:$H$2536,H1820,$I$2:$I$2536,I1820,$J$2:$J$2536,J1820,$K$2:$K$2536,K1820,$L$2:$L$2536,L1820,$M$2:$M$2536,M1820) -> 1 | O1820: =IF(Tabla_control[[#This Row],[Control_duplicados]]>1,"Duplicado","Unico") -> Unico | P1820: =IF(OR(I1820="",I1820<0),"ERROR","OK") -> OK | Q1820: =IF(H1820>F1820,"ERROR","OK") -> OK | R1820: =IF(K1820>H1820,"ERROR","OK") -> OK
A1821: 45916 | B1821: Cmp-024 | C1821: Display | D1821: España | E1821: Mobile | F1821: 112826 | G1821: 5729 | H1821: 585 | I1821: 718.93 | J1821: 16510.23 | K1821: 267 | L1821: Adquisición | M1821: Luis Martín | N1821: =COUNTIFS($A$2:$A$2536,A1821,$B$2:$B$2536,B1821,$C$2:$C$2536,C1821,$D$2:$D$2536,D1821,$E$2:$E$2536,E1821,$F$2:$F$2536,F1821,$G$2:$G$2536,G1821,$H$2:$H$2536,H1821,$I$2:$I$2536,I1821,$J$2:$J$2536,J1821,$K$2:$K$2536,K1821,$L$2:$L$2536,L1821,$M$2:$M$2536,M1821) -> 1 | O1821: =IF(Tabla_control[[#This Row],[Control_duplicados]]>1,"Duplicado","Unico") -> Unico | P1821: =IF(OR(I1821="",I1821<0),"ERROR","OK") -> OK | Q1821: =IF(H1821>F1821,"ERROR","OK") -> OK | R1821: =IF(K1821>H1821,"ERROR","OK") -> OK
... A1954: 45829 | B1954: Cmp-014 | C1954: Paid Social | D1954: Francia | E1954: Mobile | F1954: 61936 | G1954: 1364 | H1954: 89 | I1954: 1487.51 | J1954: 1902.28 | K1954: 43 | L1954: Reconocimiento | M1954: Laura Pérez | N1954: =COUNTIFS($A$2:$A$2536,A1954,$B$2:$B$2536,B1954,$C$2:$C$2536,C1954,$D$2:$D$2536,D1954,$E$2:$E$2536,E1954,$F$2:$F$2536,F1954,$G$2:$G$2536,G1954,$H$2:$H$2536,H1954,$I$2:$I$2536,I1954,$J$2:$J$2536,J1954,$K$2:$K$2536,K1954,$L$2:$L$2536,L1954,$M$2:$M$2536,M1954) -> 2 | O1954: =IF(Tabla_control[[#This Row],[Control_duplicados]]>1,"Duplicado","Unico") -> Duplicado | P1954: =IF(OR(I1954="",I1954<0),"ERROR","OK") -> OK | Q1954: =IF(H1954>F1954,"ERROR","OK") -> OK | R1954: =IF(K1954>H1954,"ERROR","OK") -> OK
A1955: 45718 | B1955: Cmp-009 | C1955: Affiliate | D1955: España | E1955: Tablet | F1955: 76423 | G1955: 5557 | H1955: 424 | J1955: 25679.91 | K1955: 332 | L1955: Conversión | M1955: Ana García | N1955: =COUNTIFS($A$2:$A$2536,A1955,$B$2:$B$2536,B1955,$C$2:$C$2536,C1955,$D$2:$D$2536,D1955,$E$2:$E$2536,E1955,$F$2:$F$2536,F1955,$G$2:$G$2536,G1955,$H$2:$H$2536,H1955,$I$2:$I$2536,I1955,$J$2:$J$2536,J1955,$K$2:$K$2536,K1955,$L$2:$L$2536,L1955,$M$2:$M$2536,M1955) -> 0 | O1955: =IF(Tabla_control[[#This Row],[Control_duplicados]]>1,"Duplicado","Unico") -> Unico | P1955: =IF(OR(I1955="",I1955<0),"ERROR","OK") -> ERROR | Q1955: =IF(H1955>F1955,"ERROR","OK") -> OK | R1955: =IF(K1955>H1955,"ERROR","OK") -> OK
A1956: 45755 | B1956: Cmp-025 | C1956: Organic Social | D1956: Portugal | E1956: Desktop | F1956: 67537 | G1956: 2094 | H1956: 16 | I1956: 3308.28 | J1956: 2798.67 | K1956: 7 | L1956: Conversión | M1956: Laura Pérez | N1956: =COUNTIFS($A$2:$A$2536,A1956,$B$2:$B$2536,B1956,$C$2:$C$2536,C1956,$D$2:$D$2536,D1956,$E$2:$E$2536,E1956,$F$2:$F$2536,F1956,$G$2:$G$2536,G1956,$H$2:$H$2536,H1956,$I$2:$I$2536,I1956,$J$2:$J$2536,J1956,$K$2:$K$2536,K1956,$L$2:$L$2536,L1956,$M$2:$M$2536,M1956) -> 1 | O1956: =IF(Tabla_control[[#This Row],[Control_duplicados]]>1,"Duplicado","Unico") -> Unico | P1956: =IF(OR(I1956="",I1956<0),"ERROR","OK") -> OK | Q1956: =IF(H1956>F1956,"ERROR","OK") -> OK | R1956: =IF(K1956>H1956,"ERROR","OK") -> OK
A1957: 45908 | B1957: Cmp-023 | C1957: Paid Search | D1957: Portugal | E1957: Desktop | F1957: 133554 | G1957: 4595 | H1957: 271 | I1957: 7493.83 | J1957: 15937.73 | K1957: 172 | L1957: Retención | M1957: Marta López | N1957: =COUNTIFS($A$2:$A$2536,A1957,$B$2:$B$2536,B1957,$C$2:$C$2536,C1957,$D$2:$D$2536,D1957,$E$2:$E$2536,E1957,$F$2:$F$2536,F1957,$G$2:$G$2536,G1957,$H$2:$H$2536,H1957,$I$2:$I$2536,I1957,$J$2:$J$2536,J1957,$K$2:$K$2536,K1957,$L$2:$L$2536,L1957,$M$2:$M$2536,M1957) -> 1 | O1957: =IF(Tabla_control[[#This Row],[Control_duplicados]]>1,"Duplicado","Unico") -> Unico | P1957: =IF(OR(I1957="",I1957<0),"ERROR","OK") -> OK | Q1957: =IF(H1957>F1957,"ERROR","OK") -> OK | R1957: =IF(K1957>H1957,"ERROR","OK") -> OK
A1958: 45950 | B1958: Cmp-023 | C1958: Organic Social | D1958: Francia | E1958: Desktop | F1958: 13528 | G1958: 289 | H1958: 37 | I1958: 73.08 | J1958: 6376.19 | K1958: 31 | L1958: Conversión | M1958: Laura Pérez | N1958: =COUNTIFS($A$2:$A$2536,A1958,$B$2:$B$2536,B1958,$C$2:$C$2536,C1958,$D$2:$D$2536,D1958,$E$2:$E$2536,E1958,$F$2:$F$2536,F1958,$G$2:$G$2536,G1958,$H$2:$H$2536,H1958,$I$2:$I$2536,I1958,$J$2:$J$2536,J1958,$K$2:$K$2536,K1958,$L$2:$L$2536,L1958,$M$2:$M$2536,M1958) -> 1 | O1958: =IF(Tabla_control[[#This Row],[Control_duplicados]]>1,"Duplicado","Unico") -> Unico | P1958: =IF(OR(I1958="",I1958<0),"ERROR","OK") -> OK | Q1958: =IF(H1958>F1958,"ERROR","OK") -> OK | R1958: =IF(K1958>H1958,"ERROR","OK") -> OK
A1959: 46018 | B1959: Cmp-018 | C1959: Affiliate | D1959: Italia | E1959: Mobile | F1959: 54939 | G1959: 1743 | H1959: 42 | I1959: 1289.76 | J1959: 2276.72 | K1959: 31 | L1959: Conversión | M1959: Laura Pérez | N1959: =COUNTIFS($A$2:$A$2536,A1959,$B$2:$B$2536,B1959,$C$2:$C$2536,C1959,$D$2:$D$2536,D1959,$E$2:$E$2536,E1959,$F$2:$F$2536,F1959,$G$2:$G$2536,G1959,$H$2:$H$2536,H1959,$I$2:$I$2536,I1959,$J$2:$J$2536,J1959,$K$2:$K$2536,K1959,$L$2:$L$2536,L1959,$M$2:$M$2536,M1959) -> 1 | O1959: =IF(Tabla_control[[#This Row],[Control_duplicados]]>1,"Duplicado","Unico") -> Unico | P1959: =IF(OR(I1959="",I1959<0),"ERROR","OK") -> OK | Q1959: =IF(H1959>F1959,"ERROR","OK") -> OK | R1959: =IF(K1959>H1959,"ERROR","OK") -> OK
A1960: 45908 | B1960: Cmp-004 | C1960: Display | D1960: México | E1960: Desktop | F1960: 5395 | G1960: 343 | H1960: 7 | I1960: 196.49 | J1960: 1038.34 | K1960: 4 | L1960: Retención | M1960: Luis Martín | N1960: =COUNTIFS($A$2:$A$2536,A1960,$B$2:$B$2536,B1960,$C$2:$C$2536,C1960,$D$2:$D$2536,D1960,$E$2:$E$2536,E1960,$F$2:$F$2536,F1960,$G$2:$G$2536,G1960,$H$2:$H$2536,H1960,$I$2:$I$2536,I1960,$J$2:$J$2536,J1960,$K$2:$K$2536,K1960,$L$2:$L$2536,L1960,$M$2:$M$2536,M1960) -> 1 | O1960: =IF(Tabla_control[[#This Row],[Control_duplicados]]>1,"Duplicado","Unico") -> Unico | P1960: =IF(OR(I1960="",I1960<0),"ERROR","OK") -> OK | Q1960: =IF(H1960>F1960,"ERROR","OK") -> OK | R1960: =IF(K1960>H1960,"ERROR","OK") -> OK
A1961: 45709 | B1961: Cmp-004 | C1961: Paid Social | D1961: España | E1961: Mobile | F1961: 159226 | G1961: 13263 | H1961: 1756 | I1961: 11829.55 | J1961: 222152.81 | K1961: 1280 | L1961: Retención | M1961: Laura Pérez | N1961: =COUNTIFS($A$2:$A$2536,A1961,$B$2:$B$2536,B1961,$C$2:$C$2536,C1961,$D$2:$D$2536,D1961,$E$2:$E$2536,E1961,$F$2:$F$2536,F1961,$G$2:$G$2536,G1961,$H$2:$H$2536,H1961,$I$2:$I$2536,I1961,$J$2:$J$2536,J1961,$K$2:$K$2536,K1961,$L$2:$L$2536,L1961,$M$2:$M$2536,M1961) -> 1 | O1961: =IF(Tabla_control[[#This Row],[Control_duplicados]]>1,"Duplicado","Unico") -> Unico | P1961: =IF(OR(I1961="",I1961<0),"ERROR","OK") -> OK | Q1961: =IF(H1961>F1961,"ERROR","OK") -> OK | R1961: =IF(K1961>H1961,"ERROR","OK") -> OK
A1962: 45782 | B1962: Cmp-003 | C1962: Affiliate | D1962: México | E1962: Mobile | F1962: 55221 | G1962: 3419 | H1962: 288 | I1962: 4247.17 | J1962: 11912.6 | K1962: 138 | L1962: Reconocimiento | M1962: Ana García | N1962: =COUNTIFS($A$2:$A$2536,A1962,$B$2:$B$2536,B1962,$C$2:$C$2536,C1962,$D$2:$D$2536,D1962,$E$2:$E$2536,E1962,$F$2:$F$2536,F1962,$G$2:$G$2536,G1962,$H$2:$H$2536,H1962,$I$2:$I$2536,I1962,$J$2:$J$2536,J1962,$K$2:$K$2536,K1962,$L$2:$L$2536,L1962,$M$2:$M$2536,M1962) -> 1 | O1962: =IF(Tabla_control[[#This Row],[Control_duplicados]]>1,"Duplicado","Unico") -> Unico | P1962: =IF(OR(I1962="",I1962<0),"ERROR","OK") -> OK | Q1962: =IF(H1962>F1962,"ERROR","OK") -> OK | R1962: =IF(K1962>H1962,"ERROR","OK") -> OK
A1963: 45680 | B1963: Cmp-004 | C1963: Paid Search | D1963: México | E1963: Mobile | F1963: 120716 | G1963: 3874 | H1963: 477 | I1963: 3947.54 | J1963: 52889.29 | K1963: 360 | L1963: Retención | M1963: Marta López | N1963: =COUNTIFS($A$2:$A$2536,A1963,$B$2:$B$2536,B1963,$C$2:$C$2536,C1963,$D$2:$D$2536,D1963,$E$2:$E$2536,E1963,$F$2:$F$2536,F1963,$G$2:$G$2536,G1963,$H$2:$H$2536,H1963,$I$2:$I$2536,I1963,$J$2:$J$2536,J1963,$K$2:$K$2536,K1963,$L$2:$L$2536,L1963,$M$2:$M$2536,M1963) -> 1 | O1963: =IF(Tabla_control[[#This Row],[Control_duplicados]]>1,"Duplicado","Unico") -> Unico | P1963: =IF(OR(I1963="",I1963<0),"ERROR","OK") -> OK | Q1963: =IF(H1963>F1963,"ERROR","OK") -> OK | R1963: =IF(K1963>H1963,"ERROR","OK") -> OK
A1964: 45875 | B1964: Cmp-020 | C1964: Display | D1964: España | E1964: Desktop | F1964: 94504 | G1964: 6519 | H1964: 105 | I1964: 9159.01 | J1964: 11042.59 | K1964: 64 | L1964: Adquisición | M1964: Marta López | N1964: =COUNTIFS($A$2:$A$2536,A1964,$B$2:$B$2536,B1964,$C$2:$C$2536,C1964,$D$2:$D$2536,D1964,$E$2:$E$2536,E1964,$F$2:$F$2536,F1964,$G$2:$G$2536,G1964,$H$2:$H$2536,H1964,$I$2:$I$2536,I1964,$J$2:$J$2536,J1964,$K$2:$K$2536,K1964,$L$2:$L$2536,L1964,$M$2:$M$2536,M1964) -> 1 | O1964: =IF(Tabla_control[[#This Row],[Control_duplicados]]>1,"Duplicado","Unico") -> Unico | P1964: =IF(OR(I1964="",I1964<0),"ERROR","OK") -> OK | Q1964: =IF(H1964>F1964,"ERROR","OK") -> OK | R1964: =IF(K1964>H1964,"ERROR","OK") -> OK
A1965: 45827 | B1965: Cmp-008 | C1965: Organic Social | D1965: España | E1965: Mobile | F1965: 130858 | G1965: 5398 | H1965: 467 | I1965: 3814.01 | J1965: 20812.7 | K1965: 338 | L1965: Adquisición | M1965: Laura Pérez | N1965: =COUNTIFS($A$2:$A$2536,A1965,$B$2:$B$2536,B1965,$C$2:$C$2536,C1965,$D$2:$D$2536,D1965,$E$2:$E$2536,E1965,$F$2:$F$2536,F1965,$G$2:$G$2536,G1965,$H$2:$H$2536,H1965,$I$2:$I$2536,I1965,$J$2:$J$2536,J1965,$K$2:$K$2536,K1965,$L$2:$L$2536,L1965,$M$2:$M$2536,M1965) -> 1 | O1965: =IF(Tabla_control[[#This Row],[Control_duplicados]]>1,"Duplicado","Unico") -> Unico | P1965: =IF(OR(I1965="",I1965<0),"ERROR","OK") -> OK | Q1965: =IF(H1965>F1965,"ERROR","OK") -> OK | R1965: =IF(K1965>H1965,"ERROR","OK") -> OK
A1966: 46002 | B1966: Cmp-011 | C1966: Organic Social | D1966: España | E1966: Desktop | F1966: 37196 | G1966: 3241 | H1966: 95 | I1966: 6767.88 | J1966: 18718.85 | K1966: 84 | L1966: Retención | M1966: Luis Martín | N1966: =COUNTIFS($A$2:$A$2536,A1966,$B$2:$B$2536,B1966,$C$2:$C$2536,C1966,$D$2:$D$2536,D1966,$E$2:$E$2536,E1966,$F$2:$F$2536,F1966,$G$2:$G$2536,G1966,$H$2:$H$2536,H1966,$I$2:$I$2536,I1966,$J$2:$J$2536,J1966,$K$2:$K$2536,K1966,$L$2:$L$2536,L1966,$M$2:$M$2536,M1966) -> 1 | O1966: =IF(Tabla_control[[#This Row],[Control_duplicados]]>1,"Duplicado","Unico") -> Unico | P1966: =IF(OR(I1966="",I1966<0),"ERROR","OK") -> OK | Q1966: =IF(H1966>F1966,"ERROR","OK") -> OK | R1966: =IF(K1966>H1966,"ERROR","OK") -> OK
A1967: 45667 | B1967: Cmp-007 | C1967: Display | D1967: Portugal | E1967: Desktop | F1967: 134932 | G1967: 4325 | H1967: 517 | I1967: 4564.93 | J1967: 56619.33 | K1967: 460 | L1967: Reconocimiento | M1967: Luis Martín | N1967: =COUNTIFS($A$2:$A$2536,A1967,$B$2:$B$2536,B1967,$C$2:$C$2536,C1967,$D$2:$D$2536,D1967,$E$2:$E$2536,E1967,$F$2:$F$2536,F1967,$G$2:$G$2536,G1967,$H$2:$H$2536,H1967,$I$2:$I$2536,I1967,$J$2:$J$2536,J1967,$K$2:$K$2536,K1967,$L$2:$L$2536,L1967,$M$2:$M$2536,M1967) -> 1 | O1967: =IF(Tabla_control[[#This Row],[Control_duplicados]]>1,"Duplicado","Unico") -> Unico | P1967: =IF(OR(I1967="",I1967<0),"ERROR","OK") -> OK | Q1967: =IF(H1967>F1967,"ERROR","OK") -> OK | R1967: =IF(K1967>H1967,"ERROR","OK") -> OK
... A2096: 45781 | B2096: Cmp-003 | C2096: Affiliate | D2096: España | E2096: Desktop | F2096: 123182 | G2096: 6427 | H2096: 886 | I2096: 11730.17 | J2096: 72957.87 | K2096: 459 | L2096: Adquisición | M2096: Ana García | N2096: =COUNTIFS($A$2:$A$2536,A2096,$B$2:$B$2536,B2096,$C$2:$C$2536,C2096,$D$2:$D$2536,D2096,$E$2:$E$2536,E2096,$F$2:$F$2536,F2096,$G$2:$G$2536,G2096,$H$2:$H$2536,H2096,$I$2:$I$2536,I2096,$J$2:$J$2536,J2096,$K$2:$K$2536,K2096,$L$2:$L$2536,L2096,$M$2:$M$2536,M2096) -> 2 | O2096: =IF(Tabla_control[[#This Row],[Control_duplicados]]>1,"Duplicado","Unico") -> Duplicado | P2096: =IF(OR(I2096="",I2096<0),"ERROR","OK") -> OK | Q2096: =IF(H2096>F2096,"ERROR","OK") -> OK | R2096: =IF(K2096>H2096,"ERROR","OK") -> OK
A2097: 45830 | B2097: Cmp-001 | C2097: Display | D2097: México | E2097: Desktop | F2097: 42894 | G2097: 2678 | H2097: 27 | J2097: 2346.7 | K2097: 23 | L2097: Reconocimiento | M2097: Luis Martín | N2097: =COUNTIFS($A$2:$A$2536,A2097,$B$2:$B$2536,B2097,$C$2:$C$2536,C2097,$D$2:$D$2536,D2097,$E$2:$E$2536,E2097,$F$2:$F$2536,F2097,$G$2:$G$2536,G2097,$H$2:$H$2536,H2097,$I$2:$I$2536,I2097,$J$2:$J$2536,J2097,$K$2:$K$2536,K2097,$L$2:$L$2536,L2097,$M$2:$M$2536,M2097) -> 0 | O2097: =IF(Tabla_control[[#This Row],[Control_duplicados]]>1,"Duplicado","Unico") -> Unico | P2097: =IF(OR(I2097="",I2097<0),"ERROR","OK") -> ERROR | Q2097: =IF(H2097>F2097,"ERROR","OK") -> OK | R2097: =IF(K2097>H2097,"ERROR","OK") -> OK
A2098: 46012 | B2098: Cmp-014 | C2098: Paid Social | D2098: España | E2098: Mobile | F2098: 171491 | G2098: 8526 | H2098: 118 | I2098: 6728.2 | J2098: 3780.27 | K2098: 70 | L2098: Reconocimiento | M2098: Ana García | N2098: =COUNTIFS($A$2:$A$2536,A2098,$B$2:$B$2536,B2098,$C$2:$C$2536,C2098,$D$2:$D$2536,D2098,$E$2:$E$2536,E2098,$F$2:$F$2536,F2098,$G$2:$G$2536,G2098,$H$2:$H$2536,H2098,$I$2:$I$2536,I2098,$J$2:$J$2536,J2098,$K$2:$K$2536,K2098,$L$2:$L$2536,L2098,$M$2:$M$2536,M2098) -> 1 | O2098: =IF(Tabla_control[[#This Row],[Control_duplicados]]>1,"Duplicado","Unico") -> Unico | P2098: =IF(OR(I2098="",I2098<0),"ERROR","OK") -> OK | Q2098: =IF(H2098>F2098,"ERROR","OK") -> OK | R2098: =IF(K2098>H2098,"ERROR","OK") -> OK
...

Sheet Datos limpios 
A1: Fecha | B1: ID_Campaña | C1: Canal | D1: País | E1: Dispositivo | F1: Impresiones | G1: Clics | H1: Conversiones | I1: Gasto_EUR | J1: Ingresos_EUR | K1: Nuevos_Clientes | L1: Tipo_Campaña | M1: Responsable
A2: 45868 | B2: Cmp-002 | C2: Email | D2: México | E2: Desktop | F2: 129041 | G2: 9255 | H2: 1081 | I2: 4728.14 | J2: 195401.22 | K2: 926 | L2: Adquisición | M2: Carlos Ruiz
A3: 45779 | B3: Cmp-009 | C3: Paid Search | D3: Italia | E3: Desktop | F3: 50677 | G3: 4047 | H3: 409 | I3: 6481.73 | J3: 65100.85 | K3: 249 | L3: Retención | M3: Luis Martín
A4: 45662 | B4: Cmp-009 | C4: Email | D4: Francia | E4: Desktop | F4: 12070 | G4: 959 | H4: 57 | I4: 1465.19 | J4: 7772.79 | K4: 31 | L4: Retención | M4: Laura Pérez | O4: Número de registros | P4: =COUNTA(Tabla_limpios[Fecha]) -> 2484
A5: 45815 | B5: Cmp-002 | C5: Affiliate | D5: España | E5: Mobile | F5: 114121 | G5: 890 | H5: 114 | I5: 1196.8 | J5: 24221.44 | K5: 52 | L5: Adquisición | M5: Luis Martín
A6: 45916 | B6: Cmp-026 | C6: Paid Search | D6: Portugal | E6: Desktop | F6: 123994 | G6: 5563 | H6: 308 | I6: 1315.48 | J6: 47341.08 | K6: 254 | L6: Adquisición | M6: Luis Martín
A7: 45934 | B7: Cmp-022 | C7: Paid Social | D7: Portugal | E7: Tablet | F7: 170534 | G7: 7543 | H7: 96 | I7: 10662.79 | J7: 15691.35 | K7: 51 | L7: Adquisición | M7: Carlos Ruiz
A8: 45828 | B8: Cmp-015 | C8: Email | D8: Francia | E8: Tablet | F8: 84579 | G8: 3855 | H8: 121 | I8: 7967.14 | J8: 12733.03 | K8: 58 | L8: Reconocimiento | M8: Marta López
A9: 45941 | B9: Cmp-004 | C9: Affiliate | D9: Portugal | E9: Mobile | F9: 125454 | G9: 7459 | H9: 507 | I9: 14866.14 | J9: 74384.02 | K9: 356 | L9: Conversión | M9: Laura Pérez
A10: 45908 | B10: Cmp-017 | C10: Paid Search | D10: Portugal | E10: Desktop | F10: 147026 | G10: 2076 | H10: 174 | I10: 574.55 | J10: 13381.79 | K10: 125 | L10: Conversión | M10: Luis Martín
A11: 45974 | B11: Cmp-002 | C11: Display | D11: Francia | E11: Mobile | F11: 8375 | G11: 469 | H11: 33 | I11: 672.99 | J11: 5104.23 | K11: 18 | L11: Conversión | M11: Marta López
A12: 45838 | B12: Cmp-025 | C12: Organic Social | D12: España | E12: Desktop | F12: 169640 | G12: 13188 | H12: 1573 | I12: 3188.1 | J12: 158029.53 | K12: 1309 | L12: Retención | M12: Luis Martín
A13: 45697 | B13: Cmp-006 | C13: Email | D13: España | E13: Desktop | F13: 1815 | G13: 46 | H13: 1 | I13: 54.04 | J13: 192.07 | K13: 0 | L13: Conversión | M13: Marta López
A14: 45992 | B14: Cmp-011 | C14: Paid Social | D14: España | E14: Mobile | F14: 58400 | G14: 2796 | H14: 80 | I14: 361.39 | J14: 8867.74 | K14: 71 | L14: Reconocimiento | M14: Ana García
A15: 45688 | B15: Cmp-018 | C15: Display | D15: México | E15: Desktop | F15: 95164 | G15: 467 | H15: 54 | I15: 899.8 | J15: 8314.82 | K15: 33 | L15: Retención | M15: Carlos Ruiz
A16: 45938 | B16: Cmp-004 | C16: Email | D16: España | E16: Desktop | F16: 163224 | G16: 892 | H16: 116 | I16: 645.97 | J16: 13245.61 | K16: 70 | L16: Reconocimiento | M16: Ana García
... A2485: 45793 | B2485: Cmp-012 | C2485: Email | D2485: Portugal | E2485: Mobile | F2485: 3038 | G2485: 193 | H2485: 24 | I2485: 303.76 | J2485: 4454.33 | K2485: 18 | L2485: Adquisición | M2485: Luis Martín

Sheet Datos nuevas columnas
A1: Fecha | B1: ID_Campaña | C1: Canal | D1: País | E1: Dispositivo | F1: Impresiones | G1: Clics | H1: Conversiones | I1: Gasto_EUR | J1: Ingresos_EUR | K1: Nuevos_Clientes | L1: Tipo_Campaña | M1: Responsable | N1: CTR | O1: Tasa de conversión | P1: CPC | Q1: CPA | R1: ROAS | S1: %ROAS | T1: Etiqueta Canal-País | U1: Año | V1: Número mes | W1: Mes | X1: Día de la semana | Y1: Rendimiento | Z1: Seguimiento | AA1: ROAS Objetivo | AB1: CPC Objetivo
A2: 45868 | B2: Cmp-002 | C2: Email | D2: México | E2: Desktop | F2: 129041 | G2: 9255 | H2: 1081 | I2: 4728.14 | J2: 195401.22 | K2: 926 | L2: Adquisición | M2: Carlos Ruiz | N2: =IFERROR(G2/F2,0) -> 0.071721391 | O2: =IFERROR(H2/G2,0) -> 0.11680173 | P2: =IFERROR(I2/G2,0) -> 0.51087412 | Q2: =IFERROR(I2/H2,0) -> 4.3738575 | R2: =IFERROR(J2/I2,0) -> 41.327291 | S2: =Tabla_nuevas_columnas[[#This Row],[ROAS]] -> 41.327291 | T2: =_xlfn.CONCAT(C2,"-",D2) -> Email-México | U2: =YEAR(A2) -> 2025 | V2: =MONTH(A2) -> 7 | W2: =PROPER(TEXT(A2,"mmmm")) -> Julio | X2: =PROPER(TEXT(A2,"dddd")) -> Miércoles | Y2: {=_xlfn.IFS(R2>10,"Excelente",R2>=5,"Bueno",R2>=2,"Débil",R2<2,"Deficiente")} -> Excelente | Z2: =IF(AND(R2<2,Q2>=100),"Revisar","OK") -> OK | AA2: =_xlfn.XLOOKUP(C2,'Preguntas de negocio'!$C$114:$C$119,'Preguntas de negocio'!$D$114:$D$119,0) -> 5.5 | AB2: =VLOOKUP(C2,'Preguntas de negocio'!$C$121:$D$127,2,FALSE) -> 0.65
A3: 45779 | B3: Cmp-009 | C3: Paid Search | D3: Italia | E3: Desktop | F3: 50677 | G3: 4047 | H3: 409 | I3: 6481.73 | J3: 65100.85 | K3: 249 | L3: Retención | M3: Luis Martín | N3: =IFERROR(G3/F3,0) -> 0.079858713 | O3: =IFERROR(H3/G3,0) -> 0.10106252 | P3: =IFERROR(I3/G3,0) -> 1.6016135 | Q3: =IFERROR(I3/H3,0) -> 15.847751 | R3: =IFERROR(J3/I3,0) -> 10.043746 | S3: =Tabla_nuevas_columnas[[#This Row],[ROAS]] -> 10.043746 | T3: =_xlfn.CONCAT(C3,"-",D3) -> Paid Search-Italia | U3: =YEAR(A3) -> 2025 | V3: =MONTH(A3) -> 5 | W3: =PROPER(TEXT(A3,"mmmm")) -> Mayo | X3: =PROPER(TEXT(A3,"dddd")) -> Viernes | Y3: {=_xlfn.IFS(R3>10,"Excelente",R3>=5,"Bueno",R3>=2,"Débil",R3<2,"Deficiente")} -> Excelente | Z3: =IF(AND(R3<2,Q3>=100),"Revisar","OK") -> OK | AA3: =_xlfn.XLOOKUP(C3,'Preguntas de negocio'!$C$114:$C$119,'Preguntas de negocio'!$D$114:$D$119,0) -> 5 | AB3: =VLOOKUP(C3,'Preguntas de negocio'!$C$121:$D$127,2,FALSE) -> 1.1
A4: 45662 | B4: Cmp-009 | C4: Email | D4: Francia | E4: Desktop | F4: 12070 | G4: 959 | H4: 57 | I4: 1465.19 | J4: 7772.79 | K4: 31 | L4: Retención | M4: Laura Pérez | N4: =IFERROR(G4/F4,0) -> 0.07945319 | O4: =IFERROR(H4/G4,0) -> 0.059436913 | P4: =IFERROR(I4/G4,0) -> 1.5278311 | Q4: =IFERROR(I4/H4,0) -> 25.705088 | R4: =IFERROR(J4/I4,0) -> 5.3049707 | S4: =Tabla_nuevas_columnas[[#This Row],[ROAS]] -> 5.3049707 | T4: =_xlfn.CONCAT(C4,"-",D4) -> Email-Francia | U4: =YEAR(A4) -> 2025 | V4: =MONTH(A4) -> 1 | W4: =PROPER(TEXT(A4,"mmmm")) -> Enero | X4: =PROPER(TEXT(A4,"dddd")) -> Domingo | Y4: {=_xlfn.IFS(R4>10,"Excelente",R4>=5,"Bueno",R4>=2,"Débil",R4<2,"Deficiente")} -> Bueno | Z4: =IF(AND(R4<2,Q4>=100),"Revisar","OK") -> OK | AA4: =_xlfn.XLOOKUP(C4,'Preguntas de negocio'!$C$114:$C$119,'Preguntas de negocio'!$D$114:$D$119,0) -> 5.5 | AB4: =VLOOKUP(C4,'Preguntas de negocio'!$C$121:$D$127,2,FALSE) -> 0.65
A5: 45815 | B5: Cmp-002 | C5: Affiliate | D5: España | E5: Mobile | F5: 114121 | G5: 890 | H5: 114 | I5: 1196.8 | J5: 24221.44 | K5: 52 | L5: Adquisición | M5: Luis Martín | N5: =IFERROR(G5/F5,0) -> 0.0077987399 | O5: =IFERROR(H5/G5,0) -> 0.12808989 | P5: =IFERROR(I5/G5,0) -> 1.3447191 | Q5: =IFERROR(I5/H5,0) -> 10.498246 | R5: =IFERROR(J5/I5,0) -> 20.238503 | S5: =Tabla_nuevas_columnas[[#This Row],[ROAS]] -> 20.238503 | T5: =_xlfn.CONCAT(C5,"-",D5) -> Affiliate-España | U5: =YEAR(A5) -> 2025 | V5: =MONTH(A5) -> 6 | W5: =PROPER(TEXT(A5,"mmmm")) -> Junio | X5: =PROPER(TEXT(A5,"dddd")) -> Sábado | Y5: {=_xlfn.IFS(R5>10,"Excelente",R5>=5,"Bueno",R5>=2,"Débil",R5<2,"Deficiente")} -> Excelente | Z5: =IF(AND(R5<2,Q5>=100),"Revisar","OK") -> OK | AA5: =_xlfn.XLOOKUP(C5,'Preguntas de negocio'!$C$114:$C$119,'Preguntas de negocio'!$D$114:$D$119,0) -> 4.5 | AB5: =VLOOKUP(C5,'Preguntas de negocio'!$C$121:$D$127,2,FALSE) -> 0.35
A6: 45916 | B6: Cmp-026 | C6: Paid Search | D6: Portugal | E6: Desktop | F6: 123994 | G6: 5563 | H6: 308 | I6: 1315.48 | J6: 47341.08 | K6: 254 | L6: Adquisición | M6: Luis Martín | N6: =IFERROR(G6/F6,0) -> 0.044865074 | O6: =IFERROR(H6/G6,0) -> 0.05536581 | P6: =IFERROR(I6/G6,0) -> 0.23646953 | Q6: =IFERROR(I6/H6,0) -> 4.271039 | R6: =IFERROR(J6/I6,0) -> 35.987685 | S6: =Tabla_nuevas_columnas[[#This Row],[ROAS]] -> 35.987685 | T6: =_xlfn.CONCAT(C6,"-",D6) -> Paid Search-Portugal | U6: =YEAR(A6) -> 2025 | V6: =MONTH(A6) -> 9 | W6: =PROPER(TEXT(A6,"mmmm")) -> Septiembre | X6: =PROPER(TEXT(A6,"dddd")) -> Martes | Y6: {=_xlfn.IFS(R6>10,"Excelente",R6>=5,"Bueno",R6>=2,"Débil",R6<2,"Deficiente")} -> Excelente | Z6: =IF(AND(R6<2,Q6>=100),"Revisar","OK") -> OK | AA6: =_xlfn.XLOOKUP(C6,'Preguntas de negocio'!$C$114:$C$119,'Preguntas de negocio'!$D$114:$D$119,0) -> 5 | AB6: =VLOOKUP(C6,'Preguntas de negocio'!$C$121:$D$127,2,FALSE) -> 1.1
A7: 45934 | B7: Cmp-022 | C7: Paid Social | D7: Portugal | E7: Tablet | F7: 170534 | G7: 7543 | H7: 96 | I7: 10662.79 | J7: 15691.35 | K7: 51 | L7: Adquisición | M7: Carlos Ruiz | N7: =IFERROR(G7/F7,0) -> 0.044231649 | O7: =IFERROR(H7/G7,0) -> 0.012727032 | P7: =IFERROR(I7/G7,0) -> 1.4136007 | Q7: =IFERROR(I7/H7,0) -> 111.07073 | R7: =IFERROR(J7/I7,0) -> 1.4715989 | S7: =Tabla_nuevas_columnas[[#This Row],[ROAS]] -> 1.4715989 | T7: =_xlfn.CONCAT(C7,"-",D7) -> Paid Social-Portugal | U7: =YEAR(A7) -> 2025 | V7: =MONTH(A7) -> 10 | W7: =PROPER(TEXT(A7,"mmmm")) -> Octubre | X7: =PROPER(TEXT(A7,"dddd")) -> Sábado | Y7: {=_xlfn.IFS(R7>10,"Excelente",R7>=5,"Bueno",R7>=2,"Débil",R7<2,"Deficiente")} -> Deficiente | Z7: =IF(AND(R7<2,Q7>=100),"Revisar","OK") -> Revisar | AA7: =_xlfn.XLOOKUP(C7,'Preguntas de negocio'!$C$114:$C$119,'Preguntas de negocio'!$D$114:$D$119,0) -> 6 | AB7: =VLOOKUP(C7,'Preguntas de negocio'!$C$121:$D$127,2,FALSE) -> 0.8
A8: 45828 | B8: Cmp-015 | C8: Email | D8: Francia | E8: Tablet | F8: 84579 | G8: 3855 | H8: 121 | I8: 7967.14 | J8: 12733.03 | K8: 58 | L8: Reconocimiento | M8: Marta López | N8: =IFERROR(G8/F8,0) -> 0.04557869 | O8: =IFERROR(H8/G8,0) -> 0.031387808 | P8: =IFERROR(I8/G8,0) -> 2.066703 | Q8: =IFERROR(I8/H8,0) -> 65.844132 | R8: =IFERROR(J8/I8,0) -> 1.5981933 | S8: =Tabla_nuevas_columnas[[#This Row],[ROAS]] -> 1.5981933 | T8: =_xlfn.CONCAT(C8,"-",D8) -> Email-Francia | U8: =YEAR(A8) -> 2025 | V8: =MONTH(A8) -> 6 | W8: =PROPER(TEXT(A8,"mmmm")) -> Junio | X8: =PROPER(TEXT(A8,"dddd")) -> Viernes | Y8: {=_xlfn.IFS(R8>10,"Excelente",R8>=5,"Bueno",R8>=2,"Débil",R8<2,"Deficiente")} -> Deficiente | Z8: =IF(AND(R8<2,Q8>=100),"Revisar","OK") -> OK | AA8: =_xlfn.XLOOKUP(C8,'Preguntas de negocio'!$C$114:$C$119,'Preguntas de negocio'!$D$114:$D$119,0) -> 5.5 | AB8: =VLOOKUP(C8,'Preguntas de negocio'!$C$121:$D$127,2,FALSE) -> 0.65
A9: 45941 | B9: Cmp-004 | C9: Affiliate | D9: Portugal | E9: Mobile | F9: 125454 | G9: 7459 | H9: 507 | I9: 14866.14 | J9: 74384.02 | K9: 356 | L9: Conversión | M9: Laura Pérez | N9: =IFERROR(G9/F9,0) -> 0.059456056 | O9: =IFERROR(H9/G9,0) -> 0.067971578 | P9: =IFERROR(I9/G9,0) -> 1.9930473 | Q9: =IFERROR(I9/H9,0) -> 29.321775 | R9: =IFERROR(J9/I9,0) -> 5.0035867 | S9: =Tabla_nuevas_columnas[[#This Row],[ROAS]] -> 5.0035867 | T9: =_xlfn.CONCAT(C9,"-",D9) -> Affiliate-Portugal | U9: =YEAR(A9) -> 2025 | V9: =MONTH(A9) -> 10 | W9: =PROPER(TEXT(A9,"mmmm")) -> Octubre | X9: =PROPER(TEXT(A9,"dddd")) -> Sábado | Y9: {=_xlfn.IFS(R9>10,"Excelente",R9>=5,"Bueno",R9>=2,"Débil",R9<2,"Deficiente")} -> Bueno | Z9: =IF(AND(R9<2,Q9>=100),"Revisar","OK") -> OK | AA9: =_xlfn.XLOOKUP(C9,'Preguntas de negocio'!$C$114:$C$119,'Preguntas de negocio'!$D$114:$D$119,0) -> 4.5 | AB9: =VLOOKUP(C9,'Preguntas de negocio'!$C$121:$D$127,2,FALSE) -> 0.35
A10: 45908 | B10: Cmp-017 | C10: Paid Search | D10: Portugal | E10: Desktop | F10: 147026 | G10: 2076 | H10: 174 | I10: 574.55 | J10: 13381.79 | K10: 125 | L10: Conversión | M10: Luis Martín | N10: =IFERROR(G10/F10,0) -> 0.014119952 | O10: =IFERROR(H10/G10,0) -> 0.083815029 | P10: =IFERROR(I10/G10,0) -> 0.27675819 | Q10: =IFERROR(I10/H10,0) -> 3.3020115 | R10: =IFERROR(J10/I10,0) -> 23.290906 | S10: =Tabla_nuevas_columnas[[#This Row],[ROAS]] -> 23.290906 | T10: =_xlfn.CONCAT(C10,"-",D10) -> Paid Search-Portugal | U10: =YEAR(A10) -> 2025 | V10: =MONTH(A10) -> 9 | W10: =PROPER(TEXT(A10,"mmmm")) -> Septiembre | X10: =PROPER(TEXT(A10,"dddd")) -> Lunes | Y10: {=_xlfn.IFS(R10>10,"Excelente",R10>=5,"Bueno",R10>=2,"Débil",R10<2,"Deficiente")} -> Excelente | Z10: =IF(AND(R10<2,Q10>=100),"Revisar","OK") -> OK | AA10: =_xlfn.XLOOKUP(C10,'Preguntas de negocio'!$C$114:$C$119,'Preguntas de negocio'!$D$114:$D$119,0) -> 5 | AB10: =VLOOKUP(C10,'Preguntas de negocio'!$C$121:$D$127,2,FALSE) -> 1.1
A11: 45974 | B11: Cmp-002 | C11: Display | D11: Francia | E11: Mobile | F11: 8375 | G11: 469 | H11: 33 | I11: 672.99 | J11: 5104.23 | K11: 18 | L11: Conversión | M11: Marta López | N11: =IFERROR(G11/F11,0) -> 0.056 | O11: =IFERROR(H11/G11,0) -> 0.070362473 | P11: =IFERROR(I11/G11,0) -> 1.4349467 | Q11: =IFERROR(I11/H11,0) -> 20.393636 | R11: =IFERROR(J11/I11,0) -> 7.5844069 | S11: =Tabla_nuevas_columnas[[#This Row],[ROAS]] -> 7.5844069 | T11: =_xlfn.CONCAT(C11,"-",D11) -> Display-Francia | U11: =YEAR(A11) -> 2025 | V11: =MONTH(A11) -> 11 | W11: =PROPER(TEXT(A11,"mmmm")) -> Noviembre | X11: =PROPER(TEXT(A11,"dddd")) -> Jueves | Y11: {=_xlfn.IFS(R11>10,"Excelente",R11>=5,"Bueno",R11>=2,"Débil",R11<2,"Deficiente")} -> Bueno | Z11: =IF(AND(R11<2,Q11>=100),"Revisar","OK") -> OK | AA11: =_xlfn.XLOOKUP(C11,'Preguntas de negocio'!$C$114:$C$119,'Preguntas de negocio'!$D$114:$D$119,0) -> 5 | AB11: =VLOOKUP(C11,'Preguntas de negocio'!$C$121:$D$127,2,FALSE) -> 0.5
A12: 45838 | B12: Cmp-025 | C12: Organic Social | D12: España | E12: Desktop | F12: 169640 | G12: 13188 | H12: 1573 | I12: 3188.1 | J12: 158029.53 | K12: 1309 | L12: Retención | M12: Luis Martín | N12: =IFERROR(G12/F12,0) -> 0.077741099 | O12: =IFERROR(H12/G12,0) -> 0.1192751 | P12: =IFERROR(I12/G12,0) -> 0.24174249 | Q12: =IFERROR(I12/H12,0) -> 2.0267641 | R12: =IFERROR(J12/I12,0) -> 49.568561 | S12: =Tabla_nuevas_columnas[[#This Row],[ROAS]] -> 49.568561 | T12: =_xlfn.CONCAT(C12,"-",D12) -> Organic Social-España | U12: =YEAR(A12) -> 2025 | V12: =MONTH(A12) -> 6 | W12: =PROPER(TEXT(A12,"mmmm")) -> Junio | X12: =PROPER(TEXT(A12,"dddd")) -> Lunes | Y12: {=_xlfn.IFS(R12>10,"Excelente",R12>=5,"Bueno",R12>=2,"Débil",R12<2,"Deficiente")} -> Excelente | Z12: =IF(AND(R12<2,Q12>=100),"Revisar","OK") -> OK | AA12: =_xlfn.XLOOKUP(C12,'Preguntas de negocio'!$C$114:$C$119,'Preguntas de negocio'!$D$114:$D$119,0) -> 4 | AB12: =VLOOKUP(C12,'Preguntas de negocio'!$C$121:$D$127,2,FALSE) -> 0.95
A13: 45697 | B13: Cmp-006 | C13: Email | D13: España | E13: Desktop | F13: 1815 | G13: 46 | H13: 1 | I13: 54.04 | J13: 192.07 | K13: 0 | L13: Conversión | M13: Marta López | N13: =IFERROR(G13/F13,0) -> 0.025344353 | O13: =IFERROR(H13/G13,0) -> 0.02173913 | P13: =IFERROR(I13/G13,0) -> 1.1747826 | Q13: =IFERROR(I13/H13,0) -> 54.04 | R13: =IFERROR(J13/I13,0) -> 3.5542191 | S13: =Tabla_nuevas_columnas[[#This Row],[ROAS]] -> 3.5542191 | T13: =_xlfn.CONCAT(C13,"-",D13) -> Email-España | U13: =YEAR(A13) -> 2025 | V13: =MONTH(A13) -> 2 | W13: =PROPER(TEXT(A13,"mmmm")) -> Febrero | X13: =PROPER(TEXT(A13,"dddd")) -> Domingo | Y13: {=_xlfn.IFS(R13>10,"Excelente",R13>=5,"Bueno",R13>=2,"Débil",R13<2,"Deficiente")} -> Débil | Z13: =IF(AND(R13<2,Q13>=100),"Revisar","OK") -> OK | AA13: =_xlfn.XLOOKUP(C13,'Preguntas de negocio'!$C$114:$C$119,'Preguntas de negocio'!$D$114:$D$119,0) -> 5.5 | AB13: =VLOOKUP(C13,'Preguntas de negocio'!$C$121:$D$127,2,FALSE) -> 0.65
... A2485: 45793 | B2485: Cmp-012 | C2485: Email | D2485: Portugal | E2485: Mobile | F2485: 3038 | G2485: 193 | H2485: 24 | I2485: 303.76 | J2485: 4454.33 | K2485: 18 | L2485: Adquisición | M2485: Luis Martín | N2485: =IFERROR(G2485/F2485,0) -> 0.063528637 | O2485: =IFERROR(H2485/G2485,0) -> 0.12435233 | P2485: =IFERROR(I2485/G2485,0) -> 1.573886 | Q2485: =IFERROR(I2485/H2485,0) -> 12.656667 | R2485: =IFERROR(J2485/I2485,0) -> 14.663978 | S2485: =Tabla_nuevas_columnas[[#This Row],[ROAS]] -> 14.663978 | T2485: =_xlfn.CONCAT(C2485,"-",D2485) -> Email-Portugal | U2485: =YEAR(A2485) -> 2025 | V2485: =MONTH(A2485) -> 5 | W2485: =PROPER(TEXT(A2485,"mmmm")) -> Mayo | X2485: =PROPER(TEXT(A2485,"dddd")) -> Viernes | Y2485: {=_xlfn.IFS(R2485>10,"Excelente",R2485>=5,"Bueno",R2485>=2,"Débil",R2485<2,"Deficiente")} -> Excelente | Z2485: =IF(AND(R2485<2,Q2485>=100),"Revisar","OK") -> OK | AA2485: =_xlfn.XLOOKUP(C2485,'Preguntas de negocio'!$C$114:$C$119,'Preguntas de negocio'!$D$114:$D$119,0) -> 5.5 | AB2485: =VLOOKUP(C2485,'Preguntas de negocio'!$C$121:$D$127,2,FALSE) -> 0.65

Sheet Preguntas de negocio
B1: Pregunta
A2: 1 | B2: ¿Cuál es la inversión total? | C2: =SUM(Tabla_nuevas_columnas[Gasto_EUR]) -> 11366489
A3: 2 | B3: ¿Cuál es el ingreso total? | C3: =SUM(Tabla_nuevas_columnas[Ingresos_EUR]) -> 91281853
A4: 3 | B4: ¿Cuántos clics se generaron? | C4: =SUM(Tabla_nuevas_columnas[Clics]) -> 11419844
A5: 4 | B5: ¿Cuántas conversiones se generaron? | C5: =SUM(Tabla_nuevas_columnas[Conversiones]) -> 807971
A6: 5 | B6: ¿Cuál es el CTR global? | C6: =C4/SUM(Tabla_nuevas_columnas[Impresiones]) -> 0.051593264
A7: 6 | B7: ¿Cuál es la tasa de conversión global? | C7: =C5/C4 -> 0.070751492
A8: 7 | B8: ¿Cuál es el CPC global? | C8: =C2/C4 -> 0.9953279
A9: 8 | B9: ¿Cuál es el CPA global? | C9: =C2/C5 -> 14.067942
A10: 9 | B10: ¿Cuál es el ROAS global? | C10: =C3/C2 -> 8.0307868
A11: 10 | B11: ¿Cuántos registros hay en la base? | C11: =COUNTA(Tabla_nuevas_columnas[Fecha]) -> 2484
A12: 11 | B12: ¿Cuántos canales y países distintos hay? | C12: Canales | D12: =COUNTA(_xlfn.UNIQUE(Tabla_nuevas_columnas[Canal])) -> 7
C13: Países | D13: =COUNTA(_xlfn.UNIQUE(Tabla_nuevas_columnas[País])) -> 6
A14: 12 | B14: ¿Cuánto se gastó en cada canal? | C14: Canal | D14: Gasto | E14: Ingreso | F14: Conversiones | G14: ROAS | H14: CPA | I14: CPC | J14: Registros
A15: 13 | B15: ¿Qué ingresos generó cada canal? | C15: {=_xlfn.UNIQUE(Tabla_nuevas_columnas[Canal])} -> Email | D15: =SUMIF(Tabla_nuevas_columnas[Canal],'Preguntas de negocio'!C15,Tabla_nuevas_columnas[Gasto_EUR]) -> 1760531 | E15: =SUMIF(Tabla_nuevas_columnas[Canal],'Preguntas de negocio'!C15,Tabla_nuevas_columnas[Ingresos_EUR]) -> 15339465 | F15: =SUMIF(Tabla_nuevas_columnas[Canal],'Preguntas de negocio'!C15,Tabla_nuevas_columnas[Conversiones]) -> 139765 | G15: =E15/D15 -> 8.7129764 | H15: =D15/F15 -> 12.596366 | I15: =D15/SUMIF(Tabla_nuevas_columnas[Canal],'Preguntas de negocio'!C15,Tabla_nuevas_columnas[Clics]) -> 0.92136484 | J15: =COUNTIF(Tabla_nuevas_columnas[Canal],'Preguntas de negocio'!C15) -> 416
A16: 14 | B16: ¿Cuántas conversiones generó cada canal? | C16: Paid Search | D16: =SUMIF(Tabla_nuevas_columnas[Canal],'Preguntas de negocio'!C16,Tabla_nuevas_columnas[Gasto_EUR]) -> 1949987 | E16: =SUMIF(Tabla_nuevas_columnas[Canal],'Preguntas de negocio'!C16,Tabla_nuevas_columnas[Ingresos_EUR]) -> 15289823 | F16: =SUMIF(Tabla_nuevas_columnas[Canal],'Preguntas de negocio'!C16,Tabla_nuevas_columnas[Conversiones]) -> 130216 | G16: =E16/D16 -> 7.8409871 | H16: =D16/F16 -> 14.975018 | I16: =D16/SUMIF(Tabla_nuevas_columnas[Canal],'Preguntas de negocio'!C16,Tabla_nuevas_columnas[Clics]) -> 1.0785839 | J16: =COUNTIF(Tabla_nuevas_columnas[Canal],'Preguntas de negocio'!C16) -> 412
A17: 15 | B17: ¿Cuál es el ROAS global de cada canal? | C17: Affiliate | D17: =SUMIF(Tabla_nuevas_columnas[Canal],'Preguntas de negocio'!C17,Tabla_nuevas_columnas[Gasto_EUR]) -> 1965015.6 | E17: =SUMIF(Tabla_nuevas_columnas[Canal],'Preguntas de negocio'!C17,Tabla_nuevas_columnas[Ingresos_EUR]) -> 15164438 | F17: =SUMIF(Tabla_nuevas_columnas[Canal],'Preguntas de negocio'!C17,Tabla_nuevas_columnas[Conversiones]) -> 129311 | G17: =E17/D17 -> 7.7172098 | H17: =D17/F17 -> 15.196044 | I17: =D17/SUMIF(Tabla_nuevas_columnas[Canal],'Preguntas de negocio'!C17,Tabla_nuevas_columnas[Clics]) -> 1.0314902 | J17: =COUNTIF(Tabla_nuevas_columnas[Canal],'Preguntas de negocio'!C17) -> 409
A18: 16 | B18: ¿Cuál es el CPA global de cada canal? | C18: Paid Social | D18: =SUMIF(Tabla_nuevas_columnas[Canal],'Preguntas de negocio'!C18,Tabla_nuevas_columnas[Gasto_EUR]) -> 1855955.3 | E18: =SUMIF(Tabla_nuevas_columnas[Canal],'Preguntas de negocio'!C18,Tabla_nuevas_columnas[Ingresos_EUR]) -> 15031717 | F18: =SUMIF(Tabla_nuevas_columnas[Canal],'Preguntas de negocio'!C18,Tabla_nuevas_columnas[Conversiones]) -> 143029 | G18: =E18/D18 -> 8.0991806 | H18: =D18/F18 -> 12.976077 | I18: =D18/SUMIF(Tabla_nuevas_columnas[Canal],'Preguntas de negocio'!C18,Tabla_nuevas_columnas[Clics]) -> 0.89463722 | J18: =COUNTIF(Tabla_nuevas_columnas[Canal],'Preguntas de negocio'!C18) -> 414
A19: 17 | B19: ¿Cuál es el CPC global de cada canal? | C19: Display | D19: =SUMIF(Tabla_nuevas_columnas[Canal],'Preguntas de negocio'!C19,Tabla_nuevas_columnas[Gasto_EUR]) -> 1875105.2 | E19: =SUMIF(Tabla_nuevas_columnas[Canal],'Preguntas de negocio'!C19,Tabla_nuevas_columnas[Ingresos_EUR]) -> 14340305 | F19: =SUMIF(Tabla_nuevas_columnas[Canal],'Preguntas de negocio'!C19,Tabla_nuevas_columnas[Conversiones]) -> 125267 | G19: =E19/D19 -> 7.6477337 | H19: =D19/F19 -> 14.968868 | I19: =D19/SUMIF(Tabla_nuevas_columnas[Canal],'Preguntas de negocio'!C19,Tabla_nuevas_columnas[Clics]) -> 0.99988704 | J19: =COUNTIF(Tabla_nuevas_columnas[Canal],'Preguntas de negocio'!C19) -> 411
A20: 18 | B20: ¿Cuántos registros tiene cada canal? | C20: Organic Social | D20: =SUMIF(Tabla_nuevas_columnas[Canal],'Preguntas de negocio'!C20,Tabla_nuevas_columnas[Gasto_EUR]) -> 1843850.8 | E20: =SUMIF(Tabla_nuevas_columnas[Canal],'Preguntas de negocio'!C20,Tabla_nuevas_columnas[Ingresos_EUR]) -> 15116744 | F20: =SUMIF(Tabla_nuevas_columnas[Canal],'Preguntas de negocio'!C20,Tabla_nuevas_columnas[Conversiones]) -> 133236 | G20: =E20/D20 -> 8.1984637 | H20: =D20/F20 -> 13.838983 | I20: =D20/SUMIF(Tabla_nuevas_columnas[Canal],'Preguntas de negocio'!C20,Tabla_nuevas_columnas[Clics]) -> 1.0476371 | J20: =COUNTIF(Tabla_nuevas_columnas[Canal],'Preguntas de negocio'!C20) -> 402
C21: Por identificar | D21: =SUMIF(Tabla_nuevas_columnas[Canal],'Preguntas de negocio'!C21,Tabla_nuevas_columnas[Gasto_EUR]) -> 116044.38 | E21: =SUMIF(Tabla_nuevas_columnas[Canal],'Preguntas de negocio'!C21,Tabla_nuevas_columnas[Ingresos_EUR]) -> 999360.67 | F21: =SUMIF(Tabla_nuevas_columnas[Canal],'Preguntas de negocio'!C21,Tabla_nuevas_columnas[Conversiones]) -> 7147 | G21: =E21/D21 -> 8.6118834 | H21: =D21/F21 -> 16.236796 | I21: =D21/SUMIF(Tabla_nuevas_columnas[Canal],'Preguntas de negocio'!C21,Tabla_nuevas_columnas[Clics]) -> 1.3453173 | J21: =COUNTIF(Tabla_nuevas_columnas[Canal],'Preguntas de negocio'!C21) -> 20
A22: 19 | B22: ¿Qué país generó más conversiones? | C22: País | D22: Conversiones | E22: Gasto | F22: Ingreso | G22: ROAS | H22: CPA
A23: 20 | B23: ¿Cuánto se gastó y cuánto ingreso generó cada país? | C23: {=_xlfn.UNIQUE(Tabla_nuevas_columnas[País])} -> México | D23: =SUMIF(Tabla_nuevas_columnas[País],'Preguntas de negocio'!C23,Tabla_nuevas_columnas[Conversiones]) -> 119946 | E23: =SUMIF(Tabla_nuevas_columnas[País],'Preguntas de negocio'!C23,Tabla_nuevas_columnas[Gasto_EUR]) -> 1545316.6 | F23: =SUMIF(Tabla_nuevas_columnas[País],'Preguntas de negocio'!C23,Tabla_nuevas_columnas[Ingresos_EUR]) -> 12862332 | G23: =F23/E23 -> 8.3234286 | H23: =E23/D23 -> 12.883436
A24: 21 | B24: ¿Cuál es el ROAS global y el CPA global por país? | C24: Italia | D24: =SUMIF(Tabla_nuevas_columnas[País],'Preguntas de negocio'!C24,Tabla_nuevas_columnas[Conversiones]) -> 80084 | E24: =SUMIF(Tabla_nuevas_columnas[País],'Preguntas de negocio'!C24,Tabla_nuevas_columnas[Gasto_EUR]) -> 1044790.1 | F24: =SUMIF(Tabla_nuevas_columnas[País],'Preguntas de negocio'!C24,Tabla_nuevas_columnas[Ingresos_EUR]) -> 7977348.7 | G24: =F24/E24 -> 7.6353599 | H24: =E24/D24 -> 13.046178
C25: Francia | D25: =SUMIF(Tabla_nuevas_columnas[País],'Preguntas de negocio'!C25,Tabla_nuevas_columnas[Conversiones]) -> 134373 | E25: =SUMIF(Tabla_nuevas_columnas[País],'Preguntas de negocio'!C25,Tabla_nuevas_columnas[Gasto_EUR]) -> 1768270.7 | F25: =SUMIF(Tabla_nuevas_columnas[País],'Preguntas de negocio'!C25,Tabla_nuevas_columnas[Ingresos_EUR]) -> 14163394 | G25: =F25/E25 -> 8.0097435 | H25: =E25/D25 -> 13.159419
C26: España | D26: =SUMIF(Tabla_nuevas_columnas[País],'Preguntas de negocio'!C26,Tabla_nuevas_columnas[Conversiones]) -> 379772 | E26: =SUMIF(Tabla_nuevas_columnas[País],'Preguntas de negocio'!C26,Tabla_nuevas_columnas[Gasto_EUR]) -> 5534773.4 | F26: =SUMIF(Tabla_nuevas_columnas[País],'Preguntas de negocio'!C26,Tabla_nuevas_columnas[Ingresos_EUR]) -> 45148657 | G26: =F26/E26 -> 8.1572728 | H26: =E26/D26 -> 14.573938
C27: Portugal | D27: =SUMIF(Tabla_nuevas_columnas[País],'Preguntas de negocio'!C27,Tabla_nuevas_columnas[Conversiones]) -> 90358 | E27: =SUMIF(Tabla_nuevas_columnas[País],'Preguntas de negocio'!C27,Tabla_nuevas_columnas[Gasto_EUR]) -> 1382377.1 | F27: =SUMIF(Tabla_nuevas_columnas[País],'Preguntas de negocio'!C27,Tabla_nuevas_columnas[Ingresos_EUR]) -> 10691953 | G27: =F27/E27 -> 7.7344686 | H27: =E27/D27 -> 15.29889
C28: Por identificar | D28: =SUMIF(Tabla_nuevas_columnas[País],'Preguntas de negocio'!C28,Tabla_nuevas_columnas[Conversiones]) -> 3438 | E28: =SUMIF(Tabla_nuevas_columnas[País],'Preguntas de negocio'!C28,Tabla_nuevas_columnas[Gasto_EUR]) -> 90961.34 | F28: =SUMIF(Tabla_nuevas_columnas[País],'Preguntas de negocio'!C28,Tabla_nuevas_columnas[Ingresos_EUR]) -> 438167.97 | G28: =F28/E28 -> 4.8170791 | H28: =E28/D28 -> 26.457632
A29: 22 | B29: ¿Cuántos registros tienen ROAS superior a 5? | C29: =COUNTIF(Tabla_nuevas_columnas[ROAS],">5") -> 1527
A30: 23 | B30: ¿Cuántos registros tienen ROAS inferior a 2? | C30: =COUNTIF(Tabla_nuevas_columnas[ROAS],"<2") -> 387
A31: 24 | B31: ¿Cuántos registros tienen tasa de conversión superior al 5%? | C31: =COUNTIF(Tabla_nuevas_columnas[[Tasa de conversión ]],">5%") -> 1701
A32: 25 | B32: ¿Cuántos registros son clasificados como excelentes? | C32: =COUNTIF(Tabla_nuevas_columnas[Rendimiento],"Excelente") -> 920
A33: 26 | B33: ¿Cuántos registros requieren atención? | C33: =COUNTIF(Tabla_nuevas_columnas[Seguimiento],"Revisar") -> 107
A34: 27 | B34: ¿Cuántos registros son de alto rendimiento? | C34: =COUNTIFS(Tabla_nuevas_columnas[Rendimiento],"Excelente",Tabla_nuevas_columnas[CPA],"<5") -> 325
A35: 28 | B35: ¿Qué campaña tiene mayor inversión? | C35: Mayor inversión | D35: {=MAX(SUMIF(Tabla_nuevas_columnas[ID_Campaña],_xlfn.UNIQUE(Tabla_nuevas_columnas[ID_Campaña]),Tabla_nuevas_columnas[Gasto_EUR]))} -> 463863.64
C36: Campaña | D36: {=_xlfn.LET(_xlpm.Campañas,_xlfn.UNIQUE(Tabla_nuevas_columnas[ID_Campaña]),_xlpm.Gastos,SUMIF(Tabla_nuevas_columnas[ID_Campaña],_xlpm.Campañas,Tabla_nuevas_columnas[Gasto_EUR]),INDEX(_xlpm.Campañas,MATCH(MAX(_xlpm.Gastos),_xlpm.Gastos,0)))} -> Cmp-026
A37: 29 | B37: ¿Qué campaña o combinación tiene mayor ingreso? | C37: Mayor Ingreso | D37: {=MAX(SUMIF(Tabla_nuevas_columnas[ID_Campaña],_xlfn.UNIQUE(Tabla_nuevas_columnas[ID_Campaña]),Tabla_nuevas_columnas[Ingresos_EUR]))} -> 4402760.2
C38: Campaña | D38: {=_xlfn.LET(_xlpm.Campañas,_xlfn.UNIQUE(Tabla_nuevas_columnas[ID_Campaña]),_xlpm.Ingresos,SUMIF(Tabla_nuevas_columnas[ID_Campaña],_xlpm.Campañas,Tabla_nuevas_columnas[Ingresos_EUR]),INDEX(_xlpm.Campañas,MATCH(MAX(_xlpm.Ingresos),_xlpm.Ingresos,0)))} -> Cmp-005
A39: 30 | B39: ¿Qué registro tiene el ROAS más alto y cuánto gastó? | C39: ROAS alto | D39: =MAX(Tabla_nuevas_columnas[ROAS]) -> 265.44682
C40: Gasto | D40: =_xlfn.XLOOKUP(D39,Tabla_nuevas_columnas[ROAS],Tabla_nuevas_columnas[Gasto_EUR]) -> 172.06
A41: 31 | B41: ¿Cómo cambia el rendimiento por mes? | C41: Mes | D41: Excelente | E41: Bueno | F41: Débil | G41: Deficiente
C42: Enero | D42: =COUNTIFS(Tabla_nuevas_columnas[Mes],'Preguntas de negocio'!C42,Tabla_nuevas_columnas[Rendimiento],"Excelente") -> 95 | E42: =COUNTIFS(Tabla_nuevas_columnas[Mes],C42,Tabla_nuevas_columnas[Rendimiento],"Bueno") -> 63 | F42: =COUNTIFS(Tabla_nuevas_columnas[Mes],C42,Tabla_nuevas_columnas[Rendimiento],"Débil") -> 51 | G42: =COUNTIFS(Tabla_nuevas_columnas[Mes],C42,Tabla_nuevas_columnas[Rendimiento],"Deficiente") -> 30
C43: Febrero | D43: =COUNTIFS(Tabla_nuevas_columnas[Mes],'Preguntas de negocio'!C43,Tabla_nuevas_columnas[Rendimiento],"Excelente") -> 65 | E43: =COUNTIFS(Tabla_nuevas_columnas[Mes],C43,Tabla_nuevas_columnas[Rendimiento],"Bueno") -> 44 | F43: =COUNTIFS(Tabla_nuevas_columnas[Mes],C43,Tabla_nuevas_columnas[Rendimiento],"Débil") -> 28 | G43: =COUNTIFS(Tabla_nuevas_columnas[Mes],C43,Tabla_nuevas_columnas[Rendimiento],"Deficiente") -> 33
C44: Marzo | D44: =COUNTIFS(Tabla_nuevas_columnas[Mes],'Preguntas de negocio'!C44,Tabla_nuevas_columnas[Rendimiento],"Excelente") -> 74 | E44: =COUNTIFS(Tabla_nuevas_columnas[Mes],C44,Tabla_nuevas_columnas[Rendimiento],"Bueno") -> 57 | F44: =COUNTIFS(Tabla_nuevas_columnas[Mes],C44,Tabla_nuevas_columnas[Rendimiento],"Débil") -> 49 | G44: =COUNTIFS(Tabla_nuevas_columnas[Mes],C44,Tabla_nuevas_columnas[Rendimiento],"Deficiente") -> 28
C45: Abril | D45: =COUNTIFS(Tabla_nuevas_columnas[Mes],'Preguntas de negocio'!C45,Tabla_nuevas_columnas[Rendimiento],"Excelente") -> 77 | E45: =COUNTIFS(Tabla_nuevas_columnas[Mes],C45,Tabla_nuevas_columnas[Rendimiento],"Bueno") -> 54 | F45: =COUNTIFS(Tabla_nuevas_columnas[Mes],C45,Tabla_nuevas_columnas[Rendimiento],"Débil") -> 48 | G45: =COUNTIFS(Tabla_nuevas_columnas[Mes],C45,Tabla_nuevas_columnas[Rendimiento],"Deficiente") -> 30
C46: Mayo | D46: =COUNTIFS(Tabla_nuevas_columnas[Mes],'Preguntas de negocio'!C46,Tabla_nuevas_columnas[Rendimiento],"Excelente") -> 86 | E46: =COUNTIFS(Tabla_nuevas_columnas[Mes],C46,Tabla_nuevas_columnas[Rendimiento],"Bueno") -> 48 | F46: =COUNTIFS(Tabla_nuevas_columnas[Mes],C46,Tabla_nuevas_columnas[Rendimiento],"Débil") -> 50 | G46: =COUNTIFS(Tabla_nuevas_columnas[Mes],C46,Tabla_nuevas_columnas[Rendimiento],"Deficiente") -> 35
C47: Junio | D47: =COUNTIFS(Tabla_nuevas_columnas[Mes],'Preguntas de negocio'!C47,Tabla_nuevas_columnas[Rendimiento],"Excelente") -> 73 | E47: =COUNTIFS(Tabla_nuevas_columnas[Mes],C47,Tabla_nuevas_columnas[Rendimiento],"Bueno") -> 45 | F47: =COUNTIFS(Tabla_nuevas_columnas[Mes],C47,Tabla_nuevas_columnas[Rendimiento],"Débil") -> 56 | G47: =COUNTIFS(Tabla_nuevas_columnas[Mes],C47,Tabla_nuevas_columnas[Rendimiento],"Deficiente") -> 40
C48: Julio | D48: =COUNTIFS(Tabla_nuevas_columnas[Mes],'Preguntas de negocio'!C48,Tabla_nuevas_columnas[Rendimiento],"Excelente") -> 65 | E48: =COUNTIFS(Tabla_nuevas_columnas[Mes],C48,Tabla_nuevas_columnas[Rendimiento],"Bueno") -> 48 | F48: =COUNTIFS(Tabla_nuevas_columnas[Mes],C48,Tabla_nuevas_columnas[Rendimiento],"Débil") -> 48 | G48: =COUNTIFS(Tabla_nuevas_columnas[Mes],C48,Tabla_nuevas_columnas[Rendimiento],"Deficiente") -> 29
C49: Agosto | D49: =COUNTIFS(Tabla_nuevas_columnas[Mes],'Preguntas de negocio'!C49,Tabla_nuevas_columnas[Rendimiento],"Excelente") -> 86 | E49: =COUNTIFS(Tabla_nuevas_columnas[Mes],C49,Tabla_nuevas_columnas[Rendimiento],"Bueno") -> 42 | F49: =COUNTIFS(Tabla_nuevas_columnas[Mes],C49,Tabla_nuevas_columnas[Rendimiento],"Débil") -> 51 | G49: =COUNTIFS(Tabla_nuevas_columnas[Mes],C49,Tabla_nuevas_columnas[Rendimiento],"Deficiente") -> 35
C50: Septiembre | D50: =COUNTIFS(Tabla_nuevas_columnas[Mes],'Preguntas de negocio'!C50,Tabla_nuevas_columnas[Rendimiento],"Excelente") -> 66 | E50: =COUNTIFS(Tabla_nuevas_columnas[Mes],C50,Tabla_nuevas_columnas[Rendimiento],"Bueno") -> 48 | F50: =COUNTIFS(Tabla_nuevas_columnas[Mes],C50,Tabla_nuevas_columnas[Rendimiento],"Débil") -> 46 | G50: =COUNTIFS(Tabla_nuevas_columnas[Mes],C50,Tabla_nuevas_columnas[Rendimiento],"Deficiente") -> 30
C51: Octubre | D51: =COUNTIFS(Tabla_nuevas_columnas[Mes],'Preguntas de negocio'!C51,Tabla_nuevas_columnas[Rendimiento],"Excelente") -> 82 | E51: =COUNTIFS(Tabla_nuevas_columnas[Mes],C51,Tabla_nuevas_columnas[Rendimiento],"Bueno") -> 60 | F51: =COUNTIFS(Tabla_nuevas_columnas[Mes],C51,Tabla_nuevas_columnas[Rendimiento],"Débil") -> 40 | G51: =COUNTIFS(Tabla_nuevas_columnas[Mes],C51,Tabla_nuevas_columnas[Rendimiento],"Deficiente") -> 37
C52: Noviembre | D52: =COUNTIFS(Tabla_nuevas_columnas[Mes],'Preguntas de negocio'!C52,Tabla_nuevas_columnas[Rendimiento],"Excelente") -> 76 | E52: =COUNTIFS(Tabla_nuevas_columnas[Mes],C52,Tabla_nuevas_columnas[Rendimiento],"Bueno") -> 41 | F52: =COUNTIFS(Tabla_nuevas_columnas[Mes],C52,Tabla_nuevas_columnas[Rendimiento],"Débil") -> 44 | G52: =COUNTIFS(Tabla_nuevas_columnas[Mes],C52,Tabla_nuevas_columnas[Rendimiento],"Deficiente") -> 22
C53: Diciembre | D53: =COUNTIFS(Tabla_nuevas_columnas[Mes],'Preguntas de negocio'!C53,Tabla_nuevas_columnas[Rendimiento],"Excelente") -> 75 | E53: =COUNTIFS(Tabla_nuevas_columnas[Mes],C53,Tabla_nuevas_columnas[Rendimiento],"Bueno") -> 57 | F53: =COUNTIFS(Tabla_nuevas_columnas[Mes],C53,Tabla_nuevas_columnas[Rendimiento],"Débil") -> 59 | G53: =COUNTIFS(Tabla_nuevas_columnas[Mes],C53,Tabla_nuevas_columnas[Rendimiento],"Deficiente") -> 38
A54: 32 | B54: ¿Qué canal y país combinan mayor inversión con ROAS bajo? | D54: Etiqueta | E54: Inversión | F54: ROAS | G54: Diagnóstico
D55: {=_xlfn.UNIQUE(Tabla_nuevas_columnas[Etiqueta Canal-País])} -> Email-México | E55: =SUMIFS(Tabla_nuevas_columnas[Gasto_EUR],Tabla_nuevas_columnas[Etiqueta Canal-País],'Preguntas de negocio'!D55) -> 230592.89 | F55: =SUMIF(Tabla_nuevas_columnas[Etiqueta Canal-País],'Preguntas de negocio'!D55,Tabla_nuevas_columnas[Ingresos_EUR])/E55 -> 10.191174 | G55: =IF(AND(E55>$J$56,F55<$J$57),"Revisar","OK") -> OK
D56: Paid Search-Italia | E56: =SUMIFS(Tabla_nuevas_columnas[Gasto_EUR],Tabla_nuevas_columnas[Etiqueta Canal-País],'Preguntas de negocio'!D56) -> 172803.21 | F56: =SUMIF(Tabla_nuevas_columnas[Etiqueta Canal-País],'Preguntas de negocio'!D56,Tabla_nuevas_columnas[Ingresos_EUR])/E56 -> 7.9629305 | G56: =IF(AND(E56>$J$56,F56<$J$57),"Revisar","OK") -> OK | I56: Inversión promedio | J56: =AVERAGE(E55:E94) -> 284162.23
D57: Email-Francia | E57: =SUMIFS(Tabla_nuevas_columnas[Gasto_EUR],Tabla_nuevas_columnas[Etiqueta Canal-País],'Preguntas de negocio'!D57) -> 279189.71 | F57: =SUMIF(Tabla_nuevas_columnas[Etiqueta Canal-País],'Preguntas de negocio'!D57,Tabla_nuevas_columnas[Ingresos_EUR])/E57 -> 8.6684597 | G57: =IF(AND(E57>$J$56,F57<$J$57),"Revisar","OK") -> OK | I57: ROAS promedio | J57: =AVERAGE(F55:F94) -> 7.7245016
D58: Affiliate-España | E58: =SUMIFS(Tabla_nuevas_columnas[Gasto_EUR],Tabla_nuevas_columnas[Etiqueta Canal-País],'Preguntas de negocio'!D58) -> 930977.36 | F58: =SUMIF(Tabla_nuevas_columnas[Etiqueta Canal-País],'Preguntas de negocio'!D58,Tabla_nuevas_columnas[Ingresos_EUR])/E58 -> 7.4445852 | G58: =IF(AND(E58>$J$56,F58<$J$57),"Revisar","OK") -> Revisar
D59: Paid Search-Portugal | E59: =SUMIFS(Tabla_nuevas_columnas[Gasto_EUR],Tabla_nuevas_columnas[Etiqueta Canal-País],'Preguntas de negocio'!D59) -> 313182.26 | F59: =SUMIF(Tabla_nuevas_columnas[Etiqueta Canal-País],'Preguntas de negocio'!D59,Tabla_nuevas_columnas[Ingresos_EUR])/E59 -> 5.5124757 | G59: =IF(AND(E59>$J$56,F59<$J$57),"Revisar","OK") -> Revisar
D60: Paid Social-Portugal | E60: =SUMIFS(Tabla_nuevas_columnas[Gasto_EUR],Tabla_nuevas_columnas[Etiqueta Canal-País],'Preguntas de negocio'!D60) -> 201407.1 | F60: =SUMIF(Tabla_nuevas_columnas[Etiqueta Canal-País],'Preguntas de negocio'!D60,Tabla_nuevas_columnas[Ingresos_EUR])/E60 -> 8.9577595 | G60: =IF(AND(E60>$J$56,F60<$J$57),"Revisar","OK") -> OK | I60: ROAS bajo diagnóstico | J60: =_xlfn.MINIFS(F55:F94,G55:G94,"Revisar") -> 5.5124757
D61: Affiliate-Portugal | E61: =SUMIFS(Tabla_nuevas_columnas[Gasto_EUR],Tabla_nuevas_columnas[Etiqueta Canal-País],'Preguntas de negocio'!D61) -> 268652.73 | F61: =SUMIF(Tabla_nuevas_columnas[Etiqueta Canal-País],'Preguntas de negocio'!D61,Tabla_nuevas_columnas[Ingresos_EUR])/E61 -> 7.38292 | G61: =IF(AND(E61>$J$56,F61<$J$57),"Revisar","OK") -> OK | I61: Inversión | J61: =_xlfn.XLOOKUP(J60,F55:F94,E55:E94) -> 313182.26
D62: Display-Francia | E62: =SUMIFS(Tabla_nuevas_columnas[Gasto_EUR],Tabla_nuevas_columnas[Etiqueta Canal-País],'Preguntas de negocio'!D62) -> 236300.18 | F62: =SUMIF(Tabla_nuevas_columnas[Etiqueta Canal-País],'Preguntas de negocio'!D62,Tabla_nuevas_columnas[Ingresos_EUR])/E62 -> 7.4913595 | G62: =IF(AND(E62>$J$56,F62<$J$57),"Revisar","OK") -> OK | I62: Etiqueta | J62: {=_xlfn.XLOOKUP(J60,F55:F94,_xlfn.ANCHORARRAY(D55))} -> Paid Search-Portugal
D63: Organic Social-España | E63: =SUMIFS(Tabla_nuevas_columnas[Gasto_EUR],Tabla_nuevas_columnas[Etiqueta Canal-País],'Preguntas de negocio'!D63) -> 832190.72 | F63: =SUMIF(Tabla_nuevas_columnas[Etiqueta Canal-País],'Preguntas de negocio'!D63,Tabla_nuevas_columnas[Ingresos_EUR])/E63 -> 9.1324239 | G63: =IF(AND(E63>$J$56,F63<$J$57),"Revisar","OK") -> OK
D64: Email-España | E64: =SUMIFS(Tabla_nuevas_columnas[Gasto_EUR],Tabla_nuevas_columnas[Etiqueta Canal-País],'Preguntas de negocio'!D64) -> 896268.62 | F64: =SUMIF(Tabla_nuevas_columnas[Etiqueta Canal-País],'Preguntas de negocio'!D64,Tabla_nuevas_columnas[Ingresos_EUR])/E64 -> 8.2973409 | G64: =IF(AND(E64>$J$56,F64<$J$57),"Revisar","OK") -> OK
D65: Paid Social-España | E65: =SUMIFS(Tabla_nuevas_columnas[Gasto_EUR],Tabla_nuevas_columnas[Etiqueta Canal-País],'Preguntas de negocio'!D65) -> 976293.74 | F65: =SUMIF(Tabla_nuevas_columnas[Etiqueta Canal-País],'Preguntas de negocio'!D65,Tabla_nuevas_columnas[Ingresos_EUR])/E65 -> 7.6110186 | G65: =IF(AND(E65>$J$56,F65<$J$57),"Revisar","OK") -> Revisar
D66: Display-México | E66: =SUMIFS(Tabla_nuevas_columnas[Gasto_EUR],Tabla_nuevas_columnas[Etiqueta Canal-País],'Preguntas de negocio'!D66) -> 267666.65 | F66: =SUMIF(Tabla_nuevas_columnas[Etiqueta Canal-País],'Preguntas de negocio'!D66,Tabla_nuevas_columnas[Ingresos_EUR])/E66 -> 7.803236 | G66: =IF(AND(E66>$J$56,F66<$J$57),"Revisar","OK") -> OK
D67: Affiliate-Francia | E67: =SUMIFS(Tabla_nuevas_columnas[Gasto_EUR],Tabla_nuevas_columnas[Etiqueta Canal-País],'Preguntas de negocio'!D67) -> 316303.53 | F67: =SUMIF(Tabla_nuevas_columnas[Etiqueta Canal-País],'Preguntas de negocio'!D67,Tabla_nuevas_columnas[Ingresos_EUR])/E67 -> 8.7967876 | G67: =IF(AND(E67>$J$56,F67<$J$57),"Revisar","OK") -> OK
D68: Display-España | E68: =SUMIFS(Tabla_nuevas_columnas[Gasto_EUR],Tabla_nuevas_columnas[Etiqueta Canal-País],'Preguntas de negocio'!D68) -> 990956.82 | F68: =SUMIF(Tabla_nuevas_columnas[Etiqueta Canal-País],'Preguntas de negocio'!D68,Tabla_nuevas_columnas[Ingresos_EUR])/E68 -> 7.3487188 | G68: =IF(AND(E68>$J$56,F68<$J$57),"Revisar","OK") -> Revisar
D69: Paid Search-Francia | E69: =SUMIFS(Tabla_nuevas_columnas[Gasto_EUR],Tabla_nuevas_columnas[Etiqueta Canal-País],'Preguntas de negocio'!D69) -> 329808.32 | F69: =SUMIF(Tabla_nuevas_columnas[Etiqueta Canal-País],'Preguntas de negocio'!D69,Tabla_nuevas_columnas[Ingresos_EUR])/E69 -> 7.0362555 | G69: =IF(AND(E69>$J$56,F69<$J$57),"Revisar","OK") -> Revisar
D70: Organic Social-Francia | E70: =SUMIFS(Tabla_nuevas_columnas[Gasto_EUR],Tabla_nuevas_columnas[Etiqueta Canal-País],'Preguntas de negocio'!D70) -> 363825.87 | F70: =SUMIF(Tabla_nuevas_columnas[Etiqueta Canal-País],'Preguntas de negocio'!D70,Tabla_nuevas_columnas[Ingresos_EUR])/E70 -> 7.1289651 | G70: =IF(AND(E70>$J$56,F70<$J$57),"Revisar","OK") -> Revisar
D71: Email-Portugal | E71: =SUMIFS(Tabla_nuevas_columnas[Gasto_EUR],Tabla_nuevas_columnas[Etiqueta Canal-País],'Preguntas de negocio'!D71) -> 194140.03 | F71: =SUMIF(Tabla_nuevas_columnas[Etiqueta Canal-País],'Preguntas de negocio'!D71,Tabla_nuevas_columnas[Ingresos_EUR])/E71 -> 9.9156523 | G71: =IF(AND(E71>$J$56,F71<$J$57),"Revisar","OK") -> OK
D72: Display-Portugal | E72: =SUMIFS(Tabla_nuevas_columnas[Gasto_EUR],Tabla_nuevas_columnas[Etiqueta Canal-País],'Preguntas de negocio'!D72) -> 182428.05 | F72: =SUMIF(Tabla_nuevas_columnas[Etiqueta Canal-País],'Preguntas de negocio'!D72,Tabla_nuevas_columnas[Ingresos_EUR])/E72 -> 8.9194111 | G72: =IF(AND(E72>$J$56,F72<$J$57),"Revisar","OK") -> OK
D73: Affiliate-Italia | E73: =SUMIFS(Tabla_nuevas_columnas[Gasto_EUR],Tabla_nuevas_columnas[Etiqueta Canal-País],'Preguntas de negocio'!D73) -> 174713.44 | F73: =SUMIF(Tabla_nuevas_columnas[Etiqueta Canal-País],'Preguntas de negocio'!D73,Tabla_nuevas_columnas[Ingresos_EUR])/E73 -> 7.5731288 | G73: =IF(AND(E73>$J$56,F73<$J$57),"Revisar","OK") -> OK
D74: Paid Social-Francia | E74: =SUMIFS(Tabla_nuevas_columnas[Gasto_EUR],Tabla_nuevas_columnas[Etiqueta Canal-País],'Preguntas de negocio'!D74) -> 242843.05 | F74: =SUMIF(Tabla_nuevas_columnas[Etiqueta Canal-País],'Preguntas de negocio'!D74,Tabla_nuevas_columnas[Ingresos_EUR])/E74 -> 9.3734103 | G74: =IF(AND(E74>$J$56,F74<$J$57),"Revisar","OK") -> OK
... D94: Paid Search-Por identificar | E94: =SUMIFS(Tabla_nuevas_columnas[Gasto_EUR],Tabla_nuevas_columnas[Etiqueta Canal-País],'Preguntas de negocio'!D94) -> 4860.13 | F94: =SUMIF(Tabla_nuevas_columnas[Etiqueta Canal-País],'Preguntas de negocio'!D94,Tabla_nuevas_columnas[Ingresos_EUR])/E94 -> 14.242574 | G94: =IF(AND(E94>$J$56,F94<$J$57),"Revisar","OK") -> OK
A95: 33 | B95: ¿Qué porcentaje de la inversión corresponde a cada canal? | C95: Canal | D95: Inversión | E95: % de inversión
C96: {=_xlfn.UNIQUE(Tabla_nuevas_columnas[Canal])} -> Email | D96: =SUMIF(Tabla_nuevas_columnas[Canal],'Preguntas de negocio'!C96,Tabla_nuevas_columnas[Gasto_EUR]) -> 1760531 | E96: =D96/$D$103 -> 0.15488784
C97: Paid Search | D97: =SUMIF(Tabla_nuevas_columnas[Canal],'Preguntas de negocio'!C97,Tabla_nuevas_columnas[Gasto_EUR]) -> 1949987 | E97: =D97/$D$103 -> 0.17155578
C98: Affiliate | D98: =SUMIF(Tabla_nuevas_columnas[Canal],'Preguntas de negocio'!C98,Tabla_nuevas_columnas[Gasto_EUR]) -> 1965015.6 | E98: =D98/$D$103 -> 0.17287797
C99: Paid Social | D99: =SUMIF(Tabla_nuevas_columnas[Canal],'Preguntas de negocio'!C99,Tabla_nuevas_columnas[Gasto_EUR]) -> 1855955.3 | E99: =D99/$D$103 -> 0.16328308
C100: Display | D100: =SUMIF(Tabla_nuevas_columnas[Canal],'Preguntas de negocio'!C100,Tabla_nuevas_columnas[Gasto_EUR]) -> 1875105.2 | E100: =D100/$D$103 -> 0.16496784
C101: Organic Social | D101: =SUMIF(Tabla_nuevas_columnas[Canal],'Preguntas de negocio'!C101,Tabla_nuevas_columnas[Gasto_EUR]) -> 1843850.8 | E101: =D101/$D$103 -> 0.16221814
C102: Por identificar | D102: =SUMIF(Tabla_nuevas_columnas[Canal],'Preguntas de negocio'!C102,Tabla_nuevas_columnas[Gasto_EUR]) -> 116044.38 | E102: =D102/$D$103 -> 0.010209342
D103: =SUM(D96:D102) -> 11366489
A104: 34 | B104: ¿Qué parte del ingreso aporta cada canal y cuál es su contribución acumulada? | C104: Canal | D104: Ingreso | E104: % de ingreso | F104: % Acumulado
C105: Email | D105: =SUMIF(Tabla_nuevas_columnas[Canal],C105,Tabla_nuevas_columnas[Ingresos_EUR]) -> 15339465 | E105: =D105/$D$112 -> 0.16804507 | F105: =SUM($E$105) -> 0.16804507
C106: Paid Search | D106: =SUMIF(Tabla_nuevas_columnas[Canal],C106,Tabla_nuevas_columnas[Ingresos_EUR]) -> 15289823 | E106: =D106/$D$112 -> 0.16750123 | F106: =SUM($E$105:E106) -> 0.3355463
C107: Affiliate | D107: =SUMIF(Tabla_nuevas_columnas[Canal],C107,Tabla_nuevas_columnas[Ingresos_EUR]) -> 15164438 | E107: =D107/$D$112 -> 0.16612763 | F107: =SUM($E$105:E107) -> 0.50167393
C108: Organic Social | D108: =SUMIF(Tabla_nuevas_columnas[Canal],C108,Tabla_nuevas_columnas[Ingresos_EUR]) -> 15116744 | E108: =D108/$D$112 -> 0.16560514 | F108: =SUM($E$105:E108) -> 0.66727907
C109: Paid Social | D109: =SUMIF(Tabla_nuevas_columnas[Canal],C109,Tabla_nuevas_columnas[Ingresos_EUR]) -> 15031717 | E109: =D109/$D$112 -> 0.16467367 | F109: =SUM($E$105:E109) -> 0.83195274
C110: Display | D110: =SUMIF(Tabla_nuevas_columnas[Canal],C110,Tabla_nuevas_columnas[Ingresos_EUR]) -> 14340305 | E110: =D110/$D$112 -> 0.15709919 | F110: =SUM($E$105:E110) -> 0.98905192
C111: Por identificar | D111: =SUMIF(Tabla_nuevas_columnas[Canal],C111,Tabla_nuevas_columnas[Ingresos_EUR]) -> 999360.67 | E111: =D111/$D$112 -> 0.010948076 | F111: =SUM($E$105:E111) -> 1
D112: =SUM(D105:D111) -> 91281853
A113: 35 | B113: Con BUSCARX, ¿qué objetivo de ROAS corresponde al canal de cada fila? | C113: Canal | D113: ROAS Objetivo
C114: Affiliate | D114: 4.5
C115: Display | D115: 5
C116: Email | D116: 5.5
C117: Paid Social | D117: 6
C118: Organic Social | D118: 4
C119: Paid Search | D119: 5
...

Sheet Dashboard
C3: Análisis campañas de marketing | U3: Hallazgos
C4: Datos generales
U5: El ROAS global corresponde a 8,03 euros, en el evolutivo mensual se puede ver que el mes con mejor rendimiento es el mes de noviembre con 9,27 euros, seguido de un desplome casi al final del rango en del mes de diciembre a 7,47 euros
C6: Inversión total | D6: Ingreso total | E6: Impresiones totales | F6: Clics Totales | G6: Conversiones totales
C7: =SUM(Tabla_nuevas_columnas[Gasto_EUR]) -> 11366489 | D7: =SUM(Tabla_nuevas_columnas[Ingresos_EUR]) -> 91281853 | E7: =SUM(Tabla_nuevas_columnas[Impresiones]) -> 221343702 | F7: =SUM(Tabla_nuevas_columnas[Clics]) -> 11419844 | G7: =SUM(Tabla_nuevas_columnas[Conversiones]) -> 807971
C9: Roas global | D9: CTR global | E9: CPC Global | F9: CPA global | G9: Tasa de conversión global
C10: =D7/C7 -> 8.0307868 | D10: =F7/E7 -> 0.051593264 | E10: =C7/F7 -> 0.9953279 | F10: =C7/G7 -> 14.067942 | G10: =G7/F7 -> 0.070751492
C13: Datos por categorías | J13: Rendimiento mensual del ROAS
D14: Seleccione un canal | U14: Todos los canales mantienen su ROAS global en un rango promedio de 6 a 9 euros, sin embargo vemos algunos canales con datos superiores que conviene revisar al detalle la estrategia, estos son el canal Email en el mes de abril que tiene un ROAS de 13,76 euros y el más alto es el canal Display el mes de noviembre con un ROAS de 14,98 euros.
C15: Datos por canal | D15: Display
C17: Inversión | D17: Ingreso | E17: Roas | F17: CPC | G17: CPA
C18: =SUMIF(Tabla_nuevas_columnas[Canal],Dashboard!D15,Tabla_nuevas_columnas[Gasto_EUR]) -> 1875105.2 | D18: =SUMIF(Tabla_nuevas_columnas[Canal],D15,Tabla_nuevas_columnas[Ingresos_EUR]) -> 14340305 | E18: =D18/C18 -> 7.6477337 | F18: =C18/SUMIF(Tabla_nuevas_columnas[Canal],Dashboard!D15,Tabla_nuevas_columnas[Clics]) -> 0.99988704 | G18: =C18/SUMIF(Tabla_nuevas_columnas[Canal],Dashboard!D15,Tabla_nuevas_columnas[Conversiones]) -> 14.968868
D21: Seleccione un país | U21: España cuenta con la mayor inversión y en línea a esto también con el mayor ingreso, obteniendo el segundo ROAS más alto de 8,16 euros, superado únicamente por México que tiene un ROAS de 8,32 euros, también se tendencia que Italia que tiene la inversión más baja, que se refleja también con el ingreso más bajo, logro tener el ROAS mensual global más alto específicamente en el mes de febrero que correspondió a 13,35 euros
C22: Datos por país | D22: Italia
C24: Inversión | D24: Ingreso | E24: Roas | F24: CPC | G24: CPA
C25: =SUMIF(Tabla_nuevas_columnas[País],Dashboard!D22,Tabla_nuevas_columnas[Gasto_EUR]) -> 1044790.1 | D25: =SUMIF(Tabla_nuevas_columnas[País],D22,Tabla_nuevas_columnas[Ingresos_EUR]) -> 7977348.7 | E25: =D25/C25 -> 7.6353599 | F25: =C25/SUMIF(Tabla_nuevas_columnas[País],Dashboard!D22,Tabla_nuevas_columnas[Clics]) -> 1.0788773 | G25: =C25/SUMIF(Tabla_nuevas_columnas[País],Dashboard!D22,Tabla_nuevas_columnas[Conversiones]) -> 13.046178
D28: Seleccione una campaña | U28: La campaña Cmp-005 es la que tiene un mejor rendimiento en el ROAS siendo este de 10,30 euros, pero se puede ver que el valor máximo encontrado en el acumulado mensual corresponde a la campaña cmp-019 en el mes de agosto cuyo ROAS corresponde a 25,77 euros
C29: Datos por campaña | D29: Cmp-019
C31: Inversión | D31: Ingreso | E31: Roas | F31: CPC | G31: CPA
C32: =SUMIF(Tabla_nuevas_columnas[ID_Campaña],Dashboard!D29,Tabla_nuevas_columnas[Gasto_EUR]) -> 381259.39 | D32: =SUMIF(Tabla_nuevas_columnas[ID_Campaña],D29,Tabla_nuevas_columnas[Ingresos_EUR]) -> 3031855.9 | E32: =D32/C32 -> 7.9522131 | F32: =C32/SUMIF(Tabla_nuevas_columnas[ID_Campaña],Dashboard!D29,Tabla_nuevas_columnas[Clics]) -> 1.0973325 | G32: =C32/SUMIF(Tabla_nuevas_columnas[ID_Campaña],Dashboard!D29,Tabla_nuevas_columnas[Conversiones]) -> 13.935429
D35: Seleccione un dispositivo | U35: El dispositivo que aporta el ROAS más alto es Tablet con 8,75 euros, y dentro de su acumulado mensual también encontramos los valores mensuales más altos registrados en le mes de marzo de 16,18 euros y en el mes de mayo de 13,78 euros
C36: Datos por dispositivo | D36: Tablet
C38: Inversión | D38: Ingreso | E38: Roas | F38: CPC | G38: CPA
C39: =SUMIF(Tabla_nuevas_columnas[Dispositivo],Dashboard!D36,Tabla_nuevas_columnas[Gasto_EUR]) -> 852186.57 | D39: =SUMIF(Tabla_nuevas_columnas[Dispositivo],D36,Tabla_nuevas_columnas[Ingresos_EUR]) -> 7299748.4 | E39: =D39/C39 -> 8.5659041 | F39: =C39/SUMIF(Tabla_nuevas_columnas[Dispositivo],Dashboard!D36,Tabla_nuevas_columnas[Clics]) -> 1.0061555 | G39: =C39/SUMIF(Tabla_nuevas_columnas[Dispositivo],Dashboard!D36,Tabla_nuevas_columnas[Conversiones]) -> 14.25848
D42: Seleccione un tipo de campaña | U42: En cuanto al tipo de campañas, todas se mantienen en rangos mensuales de 6 a 9 euros en su ROAS, con algunos picos superiores que no superan los 10,53 euros en el caso de Reconocimiento en el mes de abril y 10,51 euros en el mes de agosto, también se puede ver que el CPA global de las campañas de Retención y Conversión son iguales correspondientes a 14,07 euros, lo que nos indica que nos cuesta lo mismo convertir a un cliente para que tome una acción de compra y lograr que un cliente existente vuelva a comprar, sin que estos dos factores tengan algún tipo de relación.
C43: Datos por tipo de campaña | D43: Conversión
C45: Inversión | D45: Ingreso | E45: Roas | F45: CPC | G45: CPA
C46: =SUMIF(Tabla_nuevas_columnas[Tipo_Campaña],Dashboard!D43,Tabla_nuevas_columnas[Gasto_EUR]) -> 2775181.2 | D46: =SUMIF(Tabla_nuevas_columnas[Tipo_Campaña],D43,Tabla_nuevas_columnas[Ingresos_EUR]) -> 21271360 | E46: =D46/C46 -> 7.6648543 | F46: =C46/SUMIF(Tabla_nuevas_columnas[Tipo_Campaña],Dashboard!D43,Tabla_nuevas_columnas[Clics]) -> 0.86138963 | G46: =C46/SUMIF(Tabla_nuevas_columnas[Tipo_Campaña],Dashboard!D43,Tabla_nuevas_columnas[Conversiones]) -> 14.069574
D49: Seleccione un responsable
C50: Datos por responsable | D50: Laura Pérez | U50: Marta López es la responsable con el ROAS acumulado más alto de 8,41 euros con el CPA más bajo correspondiente a 12,70 Euros, Sin embargo el responsable que logro el ROAS más alto fue Laura Pérez en el mes de septiembre siendo este de 13,92 Euros.
C52: Inversión | D52: Ingreso | E52: Roas | F52: CPC | G52: CPA
C53: =SUMIF(Tabla_nuevas_columnas[Responsable],Dashboard!D50,Tabla_nuevas_columnas[Gasto_EUR]) -> 2429339.5 | D53: =SUMIF(Tabla_nuevas_columnas[Responsable],D50,Tabla_nuevas_columnas[Ingresos_EUR]) -> 18850287 | E53: =D53/C53 -> 7.7594288 | F53: =C53/SUMIF(Tabla_nuevas_columnas[Responsable],Dashboard!D50,Tabla_nuevas_columnas[Clics]) -> 1.0514259 | G53: =C53/SUMIF(Tabla_nuevas_columnas[Responsable],Dashboard!D50,Tabla_nuevas_columnas[Conversiones]) -> 15.236031

Sheet UNICOS
N1: MES | O1: ROAS | Q1: MES | R1: =Dashboard!D15 -> Display | S1: =Dashboard!$D$22 -> Italia | T1: =Dashboard!$D$29 -> Cmp-019 | U1: =Dashboard!$D$36 -> Tablet | V1: =Dashboard!D43 -> Conversión | W1: =Dashboard!D50 -> Laura Pérez
B2: ID_Campaña | D2: Canal | F2: País | H2: Dispositivo | J2: Tipo_Campaña | L2: Responsable | N2: Enero | O2: =SUMIF(Tabla_nuevas_columnas[Mes],UNICOS!N2,Tabla_nuevas_columnas[Ingresos_EUR])/SUMIF(Tabla_nuevas_columnas[Mes],UNICOS!N2,Tabla_nuevas_columnas[Gasto_EUR]) -> 8.1347646 | Q2: Enero | R2: =SUMIFS(Tabla_nuevas_columnas[Ingresos_EUR],Tabla_nuevas_columnas[Mes],UNICOS!Q2,Tabla_nuevas_columnas[Canal],UNICOS!$R$1)/SUMIFS(Tabla_nuevas_columnas[Gasto_EUR],Tabla_nuevas_columnas[Mes],UNICOS!Q2,Tabla_nuevas_columnas[Canal],UNICOS!$R$1) -> 8.9978772 | S2: =SUMIFS(Tabla_nuevas_columnas[Ingresos_EUR],Tabla_nuevas_columnas[Mes],Q2,Tabla_nuevas_columnas[País],$S$1)/SUMIFS(Tabla_nuevas_columnas[Gasto_EUR],Tabla_nuevas_columnas[Mes],Q2,Tabla_nuevas_columnas[País],$S$1) -> 10.982063 | T2: =SUMIFS(Tabla_nuevas_columnas[Ingresos_EUR],Tabla_nuevas_columnas[Mes],Q2,Tabla_nuevas_columnas[ID_Campaña],$T$1)/SUMIFS(Tabla_nuevas_columnas[Gasto_EUR],Tabla_nuevas_columnas[Mes],Q2,Tabla_nuevas_columnas[ID_Campaña],$T$1) -> 5.3004576 | U2: =SUMIFS(Tabla_nuevas_columnas[Ingresos_EUR],Tabla_nuevas_columnas[Mes],Q2,Tabla_nuevas_columnas[Dispositivo],$U$1)/SUMIFS(Tabla_nuevas_columnas[Gasto_EUR],Tabla_nuevas_columnas[Mes],Q2,Tabla_nuevas_columnas[Dispositivo],$U$1) -> 11.577249 | V2: =SUMIFS(Tabla_nuevas_columnas[Ingresos_EUR],Tabla_nuevas_columnas[Mes],Q2,Tabla_nuevas_columnas[Tipo_Campaña],$V$1)/SUMIFS(Tabla_nuevas_columnas[Gasto_EUR],Tabla_nuevas_columnas[Mes],Q2,Tabla_nuevas_columnas[Tipo_Campaña],$V$1) -> 7.3365151 | W2: =SUMIFS(Tabla_nuevas_columnas[Ingresos_EUR],Tabla_nuevas_columnas[Mes],Q2,Tabla_nuevas_columnas[Responsable],$W$1)/SUMIFS(Tabla_nuevas_columnas[Gasto_EUR],Tabla_nuevas_columnas[Mes],Q2,Tabla_nuevas_columnas[Responsable],$W$1) -> 9.313733
B3: Cmp-001 | D3: {=_xlfn.UNIQUE(Tabla_nuevas_columnas[Canal])} -> Email | F3: {=_xlfn.UNIQUE(Tabla_nuevas_columnas[País])} -> México | H3: {=_xlfn.UNIQUE(Tabla_nuevas_columnas[Dispositivo])} -> Desktop | J3: {=_xlfn.UNIQUE(Tabla_nuevas_columnas[Tipo_Campaña])} -> Adquisición | L3: {=_xlfn.UNIQUE(Tabla_nuevas_columnas[Responsable])} -> Carlos Ruiz | N3: Febrero | O3: =SUMIF(Tabla_nuevas_columnas[Mes],UNICOS!N3,Tabla_nuevas_columnas[Ingresos_EUR])/SUMIF(Tabla_nuevas_columnas[Mes],UNICOS!N3,Tabla_nuevas_columnas[Gasto_EUR]) -> 8.1128178 | Q3: Febrero | R3: =SUMIFS(Tabla_nuevas_columnas[Ingresos_EUR],Tabla_nuevas_columnas[Mes],UNICOS!Q3,Tabla_nuevas_columnas[Canal],UNICOS!$R$1)/SUMIFS(Tabla_nuevas_columnas[Gasto_EUR],Tabla_nuevas_columnas[Mes],UNICOS!Q3,Tabla_nuevas_columnas[Canal],UNICOS!$R$1) -> 6.7461819 | S3: =SUMIFS(Tabla_nuevas_columnas[Ingresos_EUR],Tabla_nuevas_columnas[Mes],Q3,Tabla_nuevas_columnas[País],$S$1)/SUMIFS(Tabla_nuevas_columnas[Gasto_EUR],Tabla_nuevas_columnas[Mes],Q3,Tabla_nuevas_columnas[País],$S$1) -> 13.350676 | T3: =SUMIFS(Tabla_nuevas_columnas[Ingresos_EUR],Tabla_nuevas_columnas[Mes],Q3,Tabla_nuevas_columnas[ID_Campaña],$T$1)/SUMIFS(Tabla_nuevas_columnas[Gasto_EUR],Tabla_nuevas_columnas[Mes],Q3,Tabla_nuevas_columnas[ID_Campaña],$T$1) -> 7.9725085 | U3: =SUMIFS(Tabla_nuevas_columnas[Ingresos_EUR],Tabla_nuevas_columnas[Mes],Q3,Tabla_nuevas_columnas[Dispositivo],$U$1)/SUMIFS(Tabla_nuevas_columnas[Gasto_EUR],Tabla_nuevas_columnas[Mes],Q3,Tabla_nuevas_columnas[Dispositivo],$U$1) -> 9.7613914 | V3: =SUMIFS(Tabla_nuevas_columnas[Ingresos_EUR],Tabla_nuevas_columnas[Mes],Q3,Tabla_nuevas_columnas[Tipo_Campaña],$V$1)/SUMIFS(Tabla_nuevas_columnas[Gasto_EUR],Tabla_nuevas_columnas[Mes],Q3,Tabla_nuevas_columnas[Tipo_Campaña],$V$1) -> 8.6258974 | W3: =SUMIFS(Tabla_nuevas_columnas[Ingresos_EUR],Tabla_nuevas_columnas[Mes],Q3,Tabla_nuevas_columnas[Responsable],$W$1)/SUMIFS(Tabla_nuevas_columnas[Gasto_EUR],Tabla_nuevas_columnas[Mes],Q3,Tabla_nuevas_columnas[Responsable],$W$1) -> 7.2222546
B4: Cmp-002 | D4: Paid Search | F4: Italia | H4: Mobile | J4: Retención | L4: Luis Martín | N4: Marzo | O4: =SUMIF(Tabla_nuevas_columnas[Mes],UNICOS!N4,Tabla_nuevas_columnas[Ingresos_EUR])/SUMIF(Tabla_nuevas_columnas[Mes],UNICOS!N4,Tabla_nuevas_columnas[Gasto_EUR]) -> 7.7276695 | Q4: Marzo | R4: =SUMIFS(Tabla_nuevas_columnas[Ingresos_EUR],Tabla_nuevas_columnas[Mes],UNICOS!Q4,Tabla_nuevas_columnas[Canal],UNICOS!$R$1)/SUMIFS(Tabla_nuevas_columnas[Gasto_EUR],Tabla_nuevas_columnas[Mes],UNICOS!Q4,Tabla_nuevas_columnas[Canal],UNICOS!$R$1) -> 7.5379458 | S4: =SUMIFS(Tabla_nuevas_columnas[Ingresos_EUR],Tabla_nuevas_columnas[Mes],Q4,Tabla_nuevas_columnas[País],$S$1)/SUMIFS(Tabla_nuevas_columnas[Gasto_EUR],Tabla_nuevas_columnas[Mes],Q4,Tabla_nuevas_columnas[País],$S$1) -> 8.5270047 | T4: =SUMIFS(Tabla_nuevas_columnas[Ingresos_EUR],Tabla_nuevas_columnas[Mes],Q4,Tabla_nuevas_columnas[ID_Campaña],$T$1)/SUMIFS(Tabla_nuevas_columnas[Gasto_EUR],Tabla_nuevas_columnas[Mes],Q4,Tabla_nuevas_columnas[ID_Campaña],$T$1) -> 3.7816884 | U4: =SUMIFS(Tabla_nuevas_columnas[Ingresos_EUR],Tabla_nuevas_columnas[Mes],Q4,Tabla_nuevas_columnas[Dispositivo],$U$1)/SUMIFS(Tabla_nuevas_columnas[Gasto_EUR],Tabla_nuevas_columnas[Mes],Q4,Tabla_nuevas_columnas[Dispositivo],$U$1) -> 16.182895 | V4: =SUMIFS(Tabla_nuevas_columnas[Ingresos_EUR],Tabla_nuevas_columnas[Mes],Q4,Tabla_nuevas_columnas[Tipo_Campaña],$V$1)/SUMIFS(Tabla_nuevas_columnas[Gasto_EUR],Tabla_nuevas_columnas[Mes],Q4,Tabla_nuevas_columnas[Tipo_Campaña],$V$1) -> 6.791233 | W4: =SUMIFS(Tabla_nuevas_columnas[Ingresos_EUR],Tabla_nuevas_columnas[Mes],Q4,Tabla_nuevas_columnas[Responsable],$W$1)/SUMIFS(Tabla_nuevas_columnas[Gasto_EUR],Tabla_nuevas_columnas[Mes],Q4,Tabla_nuevas_columnas[Responsable],$W$1) -> 7.5020575
B5: Cmp-003 | D5: Affiliate | F5: Francia | H5: Tablet | J5: Reconocimiento | L5: Laura Pérez | N5: Abril | O5: =SUMIF(Tabla_nuevas_columnas[Mes],UNICOS!N5,Tabla_nuevas_columnas[Ingresos_EUR])/SUMIF(Tabla_nuevas_columnas[Mes],UNICOS!N5,Tabla_nuevas_columnas[Gasto_EUR]) -> 8.6371555 | Q5: Abril | R5: =SUMIFS(Tabla_nuevas_columnas[Ingresos_EUR],Tabla_nuevas_columnas[Mes],UNICOS!Q5,Tabla_nuevas_columnas[Canal],UNICOS!$R$1)/SUMIFS(Tabla_nuevas_columnas[Gasto_EUR],Tabla_nuevas_columnas[Mes],UNICOS!Q5,Tabla_nuevas_columnas[Canal],UNICOS!$R$1) -> 8.7096932 | S5: =SUMIFS(Tabla_nuevas_columnas[Ingresos_EUR],Tabla_nuevas_columnas[Mes],Q5,Tabla_nuevas_columnas[País],$S$1)/SUMIFS(Tabla_nuevas_columnas[Gasto_EUR],Tabla_nuevas_columnas[Mes],Q5,Tabla_nuevas_columnas[País],$S$1) -> 5.7529627 | T5: =SUMIFS(Tabla_nuevas_columnas[Ingresos_EUR],Tabla_nuevas_columnas[Mes],Q5,Tabla_nuevas_columnas[ID_Campaña],$T$1)/SUMIFS(Tabla_nuevas_columnas[Gasto_EUR],Tabla_nuevas_columnas[Mes],Q5,Tabla_nuevas_columnas[ID_Campaña],$T$1) -> 3.3451843 | U5: =SUMIFS(Tabla_nuevas_columnas[Ingresos_EUR],Tabla_nuevas_columnas[Mes],Q5,Tabla_nuevas_columnas[Dispositivo],$U$1)/SUMIFS(Tabla_nuevas_columnas[Gasto_EUR],Tabla_nuevas_columnas[Mes],Q5,Tabla_nuevas_columnas[Dispositivo],$U$1) -> 10.804616 | V5: =SUMIFS(Tabla_nuevas_columnas[Ingresos_EUR],Tabla_nuevas_columnas[Mes],Q5,Tabla_nuevas_columnas[Tipo_Campaña],$V$1)/SUMIFS(Tabla_nuevas_columnas[Gasto_EUR],Tabla_nuevas_columnas[Mes],Q5,Tabla_nuevas_columnas[Tipo_Campaña],$V$1) -> 9.1474221 | W5: =SUMIFS(Tabla_nuevas_columnas[Ingresos_EUR],Tabla_nuevas_columnas[Mes],Q5,Tabla_nuevas_columnas[Responsable],$W$1)/SUMIFS(Tabla_nuevas_columnas[Gasto_EUR],Tabla_nuevas_columnas[Mes],Q5,Tabla_nuevas_columnas[Responsable],$W$1) -> 7.8339097
B6: Cmp-004 | D6: Paid Social | F6: España | J6: Conversión | L6: Marta López | N6: Mayo | O6: =SUMIF(Tabla_nuevas_columnas[Mes],UNICOS!N6,Tabla_nuevas_columnas[Ingresos_EUR])/SUMIF(Tabla_nuevas_columnas[Mes],UNICOS!N6,Tabla_nuevas_columnas[Gasto_EUR]) -> 8.5332702 | Q6: Mayo | R6: =SUMIFS(Tabla_nuevas_columnas[Ingresos_EUR],Tabla_nuevas_columnas[Mes],UNICOS!Q6,Tabla_nuevas_columnas[Canal],UNICOS!$R$1)/SUMIFS(Tabla_nuevas_columnas[Gasto_EUR],Tabla_nuevas_columnas[Mes],UNICOS!Q6,Tabla_nuevas_columnas[Canal],UNICOS!$R$1) -> 7.423867 | S6: =SUMIFS(Tabla_nuevas_columnas[Ingresos_EUR],Tabla_nuevas_columnas[Mes],Q6,Tabla_nuevas_columnas[País],$S$1)/SUMIFS(Tabla_nuevas_columnas[Gasto_EUR],Tabla_nuevas_columnas[Mes],Q6,Tabla_nuevas_columnas[País],$S$1) -> 9.5393521 | T6: =SUMIFS(Tabla_nuevas_columnas[Ingresos_EUR],Tabla_nuevas_columnas[Mes],Q6,Tabla_nuevas_columnas[ID_Campaña],$T$1)/SUMIFS(Tabla_nuevas_columnas[Gasto_EUR],Tabla_nuevas_columnas[Mes],Q6,Tabla_nuevas_columnas[ID_Campaña],$T$1) -> 9.8584173 | U6: =SUMIFS(Tabla_nuevas_columnas[Ingresos_EUR],Tabla_nuevas_columnas[Mes],Q6,Tabla_nuevas_columnas[Dispositivo],$U$1)/SUMIFS(Tabla_nuevas_columnas[Gasto_EUR],Tabla_nuevas_columnas[Mes],Q6,Tabla_nuevas_columnas[Dispositivo],$U$1) -> 13.775316 | V6: =SUMIFS(Tabla_nuevas_columnas[Ingresos_EUR],Tabla_nuevas_columnas[Mes],Q6,Tabla_nuevas_columnas[Tipo_Campaña],$V$1)/SUMIFS(Tabla_nuevas_columnas[Gasto_EUR],Tabla_nuevas_columnas[Mes],Q6,Tabla_nuevas_columnas[Tipo_Campaña],$V$1) -> 7.8316951 | W6: =SUMIFS(Tabla_nuevas_columnas[Ingresos_EUR],Tabla_nuevas_columnas[Mes],Q6,Tabla_nuevas_columnas[Responsable],$W$1)/SUMIFS(Tabla_nuevas_columnas[Gasto_EUR],Tabla_nuevas_columnas[Mes],Q6,Tabla_nuevas_columnas[Responsable],$W$1) -> 6.8203386
B7: Cmp-005 | D7: Display | F7: Portugal | L7: Ana García | N7: Junio | O7: =SUMIF(Tabla_nuevas_columnas[Mes],UNICOS!N7,Tabla_nuevas_columnas[Ingresos_EUR])/SUMIF(Tabla_nuevas_columnas[Mes],UNICOS!N7,Tabla_nuevas_columnas[Gasto_EUR]) -> 7.4128065 | Q7: Junio | R7: =SUMIFS(Tabla_nuevas_columnas[Ingresos_EUR],Tabla_nuevas_columnas[Mes],UNICOS!Q7,Tabla_nuevas_columnas[Canal],UNICOS!$R$1)/SUMIFS(Tabla_nuevas_columnas[Gasto_EUR],Tabla_nuevas_columnas[Mes],UNICOS!Q7,Tabla_nuevas_columnas[Canal],UNICOS!$R$1) -> 5.2526332 | S7: =SUMIFS(Tabla_nuevas_columnas[Ingresos_EUR],Tabla_nuevas_columnas[Mes],Q7,Tabla_nuevas_columnas[País],$S$1)/SUMIFS(Tabla_nuevas_columnas[Gasto_EUR],Tabla_nuevas_columnas[Mes],Q7,Tabla_nuevas_columnas[País],$S$1) -> 3.8157533 | T7: =SUMIFS(Tabla_nuevas_columnas[Ingresos_EUR],Tabla_nuevas_columnas[Mes],Q7,Tabla_nuevas_columnas[ID_Campaña],$T$1)/SUMIFS(Tabla_nuevas_columnas[Gasto_EUR],Tabla_nuevas_columnas[Mes],Q7,Tabla_nuevas_columnas[ID_Campaña],$T$1) -> 6.6251879 | U7: =SUMIFS(Tabla_nuevas_columnas[Ingresos_EUR],Tabla_nuevas_columnas[Mes],Q7,Tabla_nuevas_columnas[Dispositivo],$U$1)/SUMIFS(Tabla_nuevas_columnas[Gasto_EUR],Tabla_nuevas_columnas[Mes],Q7,Tabla_nuevas_columnas[Dispositivo],$U$1) -> 4.1610082 | V7: =SUMIFS(Tabla_nuevas_columnas[Ingresos_EUR],Tabla_nuevas_columnas[Mes],Q7,Tabla_nuevas_columnas[Tipo_Campaña],$V$1)/SUMIFS(Tabla_nuevas_columnas[Gasto_EUR],Tabla_nuevas_columnas[Mes],Q7,Tabla_nuevas_columnas[Tipo_Campaña],$V$1) -> 7.2692275 | W7: =SUMIFS(Tabla_nuevas_columnas[Ingresos_EUR],Tabla_nuevas_columnas[Mes],Q7,Tabla_nuevas_columnas[Responsable],$W$1)/SUMIFS(Tabla_nuevas_columnas[Gasto_EUR],Tabla_nuevas_columnas[Mes],Q7,Tabla_nuevas_columnas[Responsable],$W$1) -> 5.3205334
B8: Cmp-006 | D8: Organic Social | F8: Por identificar | L8: Por identificar | N8: Julio | O8: =SUMIF(Tabla_nuevas_columnas[Mes],UNICOS!N8,Tabla_nuevas_columnas[Ingresos_EUR])/SUMIF(Tabla_nuevas_columnas[Mes],UNICOS!N8,Tabla_nuevas_columnas[Gasto_EUR]) -> 7.6723592 | Q8: Julio | R8: =SUMIFS(Tabla_nuevas_columnas[Ingresos_EUR],Tabla_nuevas_columnas[Mes],UNICOS!Q8,Tabla_nuevas_columnas[Canal],UNICOS!$R$1)/SUMIFS(Tabla_nuevas_columnas[Gasto_EUR],Tabla_nuevas_columnas[Mes],UNICOS!Q8,Tabla_nuevas_columnas[Canal],UNICOS!$R$1) -> 5.8498452 | S8: =SUMIFS(Tabla_nuevas_columnas[Ingresos_EUR],Tabla_nuevas_columnas[Mes],Q8,Tabla_nuevas_columnas[País],$S$1)/SUMIFS(Tabla_nuevas_columnas[Gasto_EUR],Tabla_nuevas_columnas[Mes],Q8,Tabla_nuevas_columnas[País],$S$1) -> 7.2203888 | T8: =SUMIFS(Tabla_nuevas_columnas[Ingresos_EUR],Tabla_nuevas_columnas[Mes],Q8,Tabla_nuevas_columnas[ID_Campaña],$T$1)/SUMIFS(Tabla_nuevas_columnas[Gasto_EUR],Tabla_nuevas_columnas[Mes],Q8,Tabla_nuevas_columnas[ID_Campaña],$T$1) -> 5.2375865 | U8: =SUMIFS(Tabla_nuevas_columnas[Ingresos_EUR],Tabla_nuevas_columnas[Mes],Q8,Tabla_nuevas_columnas[Dispositivo],$U$1)/SUMIFS(Tabla_nuevas_columnas[Gasto_EUR],Tabla_nuevas_columnas[Mes],Q8,Tabla_nuevas_columnas[Dispositivo],$U$1) -> 6.8931122 | V8: =SUMIFS(Tabla_nuevas_columnas[Ingresos_EUR],Tabla_nuevas_columnas[Mes],Q8,Tabla_nuevas_columnas[Tipo_Campaña],$V$1)/SUMIFS(Tabla_nuevas_columnas[Gasto_EUR],Tabla_nuevas_columnas[Mes],Q8,Tabla_nuevas_columnas[Tipo_Campaña],$V$1) -> 9.890365 | W8: =SUMIFS(Tabla_nuevas_columnas[Ingresos_EUR],Tabla_nuevas_columnas[Mes],Q8,Tabla_nuevas_columnas[Responsable],$W$1)/SUMIFS(Tabla_nuevas_columnas[Gasto_EUR],Tabla_nuevas_columnas[Mes],Q8,Tabla_nuevas_columnas[Responsable],$W$1) -> 8.8789627
B9: Cmp-007 | D9: Por identificar | N9: Agosto | O9: =SUMIF(Tabla_nuevas_columnas[Mes],UNICOS!N9,Tabla_nuevas_columnas[Ingresos_EUR])/SUMIF(Tabla_nuevas_columnas[Mes],UNICOS!N9,Tabla_nuevas_columnas[Gasto_EUR]) -> 8.2912462 | Q9: Agosto | R9: =SUMIFS(Tabla_nuevas_columnas[Ingresos_EUR],Tabla_nuevas_columnas[Mes],UNICOS!Q9,Tabla_nuevas_columnas[Canal],UNICOS!$R$1)/SUMIFS(Tabla_nuevas_columnas[Gasto_EUR],Tabla_nuevas_columnas[Mes],UNICOS!Q9,Tabla_nuevas_columnas[Canal],UNICOS!$R$1) -> 7.0095986 | S9: =SUMIFS(Tabla_nuevas_columnas[Ingresos_EUR],Tabla_nuevas_columnas[Mes],Q9,Tabla_nuevas_columnas[País],$S$1)/SUMIFS(Tabla_nuevas_columnas[Gasto_EUR],Tabla_nuevas_columnas[Mes],Q9,Tabla_nuevas_columnas[País],$S$1) -> 7.8376841 | T9: =SUMIFS(Tabla_nuevas_columnas[Ingresos_EUR],Tabla_nuevas_columnas[Mes],Q9,Tabla_nuevas_columnas[ID_Campaña],$T$1)/SUMIFS(Tabla_nuevas_columnas[Gasto_EUR],Tabla_nuevas_columnas[Mes],Q9,Tabla_nuevas_columnas[ID_Campaña],$T$1) -> 25.77255 | U9: =SUMIFS(Tabla_nuevas_columnas[Ingresos_EUR],Tabla_nuevas_columnas[Mes],Q9,Tabla_nuevas_columnas[Dispositivo],$U$1)/SUMIFS(Tabla_nuevas_columnas[Gasto_EUR],Tabla_nuevas_columnas[Mes],Q9,Tabla_nuevas_columnas[Dispositivo],$U$1) -> 7.8680243 | V9: =SUMIFS(Tabla_nuevas_columnas[Ingresos_EUR],Tabla_nuevas_columnas[Mes],Q9,Tabla_nuevas_columnas[Tipo_Campaña],$V$1)/SUMIFS(Tabla_nuevas_columnas[Gasto_EUR],Tabla_nuevas_columnas[Mes],Q9,Tabla_nuevas_columnas[Tipo_Campaña],$V$1) -> 7.0932176 | W9: =SUMIFS(Tabla_nuevas_columnas[Ingresos_EUR],Tabla_nuevas_columnas[Mes],Q9,Tabla_nuevas_columnas[Responsable],$W$1)/SUMIFS(Tabla_nuevas_columnas[Gasto_EUR],Tabla_nuevas_columnas[Mes],Q9,Tabla_nuevas_columnas[Responsable],$W$1) -> 7.2303884
